국민 해외관광객(아메리카),,,,,,,,,,* Dominican Republic,,,,,,,,,,,,,,,,,,,,,,,,,,,,,,,,,,,,,,,,,
,,법무부・KTO,,미국,U.S.A,캐나다,Canada,브라질,Brazil,도미니카공화국,,자메이카,Jamaica,과테말라,Guatemala,칠레,Chile,코스타리카,Costa Rica,파나마,Panama,페루,Peru,멕시코,Mexico,에콰도르,Ecuador,,,,,,,,,,,,,,,,,,,,,,,,
,,명수,전년대비,명수,전년대비,명수,전년대비,명수,전년대비,명수,전년대비,명수,전년대비,명수,전년대비,명수,전년대비,명수,전년대비,명수,전년대비,명수,전년대비,명수,전년대비,명수,전년대비,,,,,,,,,,,,,,,,,,,,,,,,
2004년,1월,"793,478 ",,"63,341 ",,"11,243 ",,"2,335 ",,35 ,,32 ,,,,,,,,,,"4,641 ",,,,,,,,,,,,,,,,,,,,,,,,,,,,,
,2월,"670,447 ",,"47,191 ",,"7,927 ",,"2,515 ",,53 ,,23 ,,,,,,,,,,,,,,,,,,,,,,,,,,,,,,,,,,,,,,,
,3월,"587,629 ",,"43,664 ",,"9,243 ",,"1,804 ",,51 ,,14 ,,,,,,,,,,,,,,,,,,,,,,,,,,,,,,,,,,,,,,,
,4월,"642,413 ",,"40,831 ",,"11,723 ",,"1,379 ",,157 ,,10 ,,,,,,,,,,,,,,,,,,,,,,,,,,,,,,,,,,,,,,,
,5월,"680,185 ",,"52,600 ",,"14,088 ",,"1,668 ",,44 ,,30 ,,,,,,,,,,,,,,,,,,,,,,,,,,,,,,,,,,,,,,,
,6월,"712,260 ",,"62,410 ",,"20,079 ",,"1,754 ",,43 ,,7 ,,,,,,,,,,,,,,,,,,,,,,,,,,,,,,,,,,,,,,,
,7월,"897,234 ",,"70,805 ",,"27,171 ",,"1,553 ",,52 ,,20 ,,,,,,,,,,,,,,,,,,,,,,,,,,,,,,,,,,,,,,,
,8월,"930,573 ",,"66,825 ",,"24,351 ",,"1,806 ",,119 ,,20 ,,,,,,,,,,,,,,,,,,,,,,,,,,,,,,,,,,,,,,,
,9월,"682,244 ",,"48,594 ",,"24,295 ",,"2,053 ",,40 ,,8 ,,,,,,,,,,,,,,,,,,,,,,,,,,,,,,,,,,,,,,,
,10월,"757,538 ",,"40,976 ",,"20,684 ",,"1,820 ",,11 ,,16 ,,,,,,,,,,,,,,,,,,,,,,,,,,,,,,,,,,,,,,,
,11월,"745,887 ",,"39,303 ",,"8,084 ",,"1,438 ",,61 ,,17 ,,,,,,,,,,,,,,,,,,,,,,,,,,,,,,,,,,,,,,,
,12월,"725,697 ",,"50,055 ",,"12,094 ",,"1,228 ",,73 ,,16 ,,,,,,,,,,,,,,,,,,,,,,,,,,,,,,,,,,,,,,,
2005년,1월,"897,406 ",13.1%,"68,439 ",8.0%,"12,476 ",11.0%,"2,148 ",-8.0%,60 ,71.4%,16 ,-50.0%,,,,,228 ,,,,"5,668 ",22.1%,,,,,,,,,,,,,,,,,,,,,,,,,,,,
,2월,"745,998 ",11.3%,"47,573 ",0.8%,"9,290 ",17.2%,"2,425 ",-3.6%,40 ,-24.5%,14 ,-39.1%,,,,,175 ,,,,,,,,,,,,,,,,,,,,,,,,,,,,,,,,,
,3월,"707,058 ",20.3%,"45,616 ",4.5%,"11,085 ",19.9%,"1,805 ",0.1%,97 ,90.2%,14 ,0.0%,,,,,302 ,,,,,,,,,,,,,,,,,,,,,,,,,,,,,,,,,
,4월,"762,096 ",18.6%,"48,850 ",19.6%,"13,189 ",12.5%,"1,578 ",14.4%,60 ,-61.8%,10 ,0.0%,,,,,167 ,,,,,,,,,,,,,,,,,,,,,,,,,,,,,,,,,
,5월,"802,497 ",18.0%,"60,066 ",14.2%,"15,066 ",6.9%,"2,067 ",23.9%,70 ,59.1%,26 ,-13.3%,,,,,254 ,,,,,,,,,,,,,,,,,,,,,,,,,,,,,,,,,
,6월,"865,693 ",21.5%,"68,844 ",10.3%,"22,328 ",11.2%,"2,190 ",24.9%,59 ,37.2%,22 ,214.3%,,,,,256 ,,,,,,,,,,,,,,,,,,,,,,,,,,,,,,,,,
,7월,"1,020,757 ",13.8%,"80,141 ",13.2%,"30,118 ",10.8%,"2,139 ",37.7%,130 ,150.0%,16 ,-20.0%,,,,,352 ,,,,,,,,,,,,,,,,,,,,,,,,,,,,,,,,,
,8월,"1,070,289 ",15.0%,"80,891 ",21.0%,"25,081 ",3.0%,"2,421 ",34.1%,80 ,-32.8%,20 ,0.0%,,,,,267 ,,,,,,,,,,,,,,,,,,,,,,,,,,,,,,,,,
,9월,"785,549 ",15.1%,"53,737 ",10.6%,"17,799 ",-26.7%,"2,422 ",18.0%,90 ,125.0%,12 ,50.0%,,,,,587 ,,,,,,,,,,,,,,,,,,,,,,,,,,,,,,,,,
,10월,"848,088 ",12.0%,"50,346 ",22.9%,"13,635 ",-34.1%,"1,910 ",4.9%,121 ,1000.0%,7 ,-56.3%,,,,,158 ,,,,,,,,,,,,,,,,,,,,,,,,,,,,,,,,,
,11월,"784,031 ",5.1%,"43,692 ",11.2%,"8,542 ",5.7%,"1,897 ",31.9%,90 ,47.5%,14 ,-17.6%,,,,,207 ,,,,,,,,,,,,,,,,,,,,,,,,,,,,,,,,,
,12월,"790,681 ",9.0%,"56,898 ",13.7%,"12,710 ",5.1%,"1,313 ",6.9%,71 ,-2.7%,11 ,-31.3%,,,,,285 ,,,,,,,,,,,,,,,,,,,,,,,,,,,,,,,,,
2006년,1월,"985,287 ",9.8%,"75,034 ",9.6%,"12,570 ",0.8%,"3,643 ",69.6%,120 ,100.0%,35 ,118.8%,,,,,244 ,7.0%,,,"6,587 ",16.2%,,,,,,,,,,,,,,,,,,,,,,,,,,,,
,2월,"944,596 ",26.6%,"48,303 ",1.5%,"10,281 ",10.7%,"2,523 ",4.0%,101 ,152.5%,32 ,128.6%,,,,,237 ,35.4%,,,,,,,,,,,,,,,,,,,,,,,,,,,,,,,,
,3월,"823,918 ",16.5%,"50,135 ",9.9%,"11,318 ",2.1%,"2,745 ",52.1%,101 ,4.1%,14 ,0.0%,,,,,208 ,-31.1%,,,,,,,,,,,,,,,,,,,,,,,,,,,,,,,,
,4월,"855,083 ",12.2%,"53,992 ",10.5%,"12,012 ",-8.9%,"3,179 ",101.5%,100 ,66.7%,16 ,60.0%,,,,,256 ,53.3%,,,,,,,,,,,,,,,,,,,,,,,,,,,,,,,,
,5월,"906,482 ",13.0%,"61,946 ",3.1%,"16,558 ",9.9%,"2,596 ",25.6%,80 ,14.3%,11 ,-57.7%,,,,,138 ,-45.7%,,,,,,,,,,,,,,,,,,,,,,,,,,,,,,,,
,6월,"915,942 ",5.8%,"67,493 ",-2.0%,"22,994 ",3.0%,"2,289 ",4.5%,200 ,239.0%,14 ,-36.4%,,,,,205 ,-19.9%,,,,,,,,,,,,,,,,,,,,,,,,,,,,,,,,
,7월,"1,098,740 ",7.6%,"82,749 ",3.3%,"31,063 ",3.1%,"3,115 ",45.6%,211 ,62.3%,5 ,-68.8%,,,,,255 ,-27.6%,,,,,,,,,,,,,,,,,,,,,,,,,,,,,,,,
,8월,"1,159,874 ",8.4%,"84,370 ",4.3%,"24,164 ",-3.7%,"1,816 ",-25.0%,70 ,-12.5%,12 ,-40.0%,,,,,249 ,-6.7%,,,,,,,,,,,,,,,,,,,,,,,,,,,,,,,,
,9월,"931,946 ",18.6%,"66,193 ",23.2%,"20,530 ",15.3%,"2,174 ",-10.2%,91 ,1.1%,4 ,-66.7%,,,,,232 ,-60.5%,,,,,,,,,,,,,,,,,,,,,,,,,,,,,,,,
,10월,"984,649 ",16.1%,"54,800 ",8.8%,"15,044 ",10.3%,"1,444 ",8.8%,80 ,-33.9%,11 ,8.8%,,,,,184 ,16.5%,,,,,,,,,,,,,,,,,,,,,,,,,,,,,,,,
,11월,"987,488 ",26.0%,"49,891 ",14.2%,"10,368 ",21.4%,"2,189 ",14.2%,161 ,78.9%,15 ,14.2%,,,,,223 ,7.7%,,,,,,,,,,,,,,,,,,,,,,,,,,,,,,,,
,12월,"1,015,874",28.5%,"62,815 ",10.4%,"14,912 ",17.3%,"2,646 ",10.4%,121 ,70.4%,9 ,10.4%,,,,,272 ,-4.6%,,,,,,,,,,,,,,,,,,,,,,,,,,,,,,,,
2007년,1월,"1,281,530 ",30.1%,"83,332 ",11.1%,"14,508 ",15.4%,"6,072 ",66.7%,203 ,69.2%,3 ,-91.4%,,,,,275 ,12.7%,,,"7,351 ",11.6%,,,,,,,,,,,,,,,,,,,,,,,,,,,,
,2월,"982,591 ",4.0%,"53,505 ",10.8%,"10,795 ",5.0%,"3,195 ",26.6%,140 ,38.6%,9 ,-71.9%,,,,,236 ,-0.4%,,,,,,,,,,,,,,,,,,,,,,,,,,,,,,,,
,3월,"1,046,055 ",27.0%,"53,183 ",6.1%,"12,178 ",7.6%,"3,047 ",11.0%,150 ,48.5%,9 ,-35.7%,,,,,200 ,-3.8%,,,,,,,,,,,,,,,,,,,,,,,,,,,,,,,,
,4월,"989,018 ",15.7%,"54,110 ",0.2%,"12,555 ",4.5%,"3,530 ",11.0%,130 ,30.0%,13 ,-18.8%,,,,,292 ,14.1%,,,,,,,,,,,,,,,,,,,,,,,,,,,,,,,,
,5월,"1,107,498 ",22.2%,"67,349 ",8.7%,"17,849 ",7.8%,"3,555 ",36.9%,220 ,175.0%,33 ,200.0%,,,,,254 ,84.1%,,,,,,,,,,,,,,,,,,,,,,,,,,,,,,,,
,6월,"1,064,076 ",16.2%,"75,208 ",11.4%,"22,394 ",-2.6%,"2,672 ",16.7%,170 ,-15.0%,22 ,57.1%,,,,,242 ,18.0%,,,,,,,,,,,,,,,,,,,,,,,,,,,,,,,,
,7월,"1,297,398 ",18.1%,"87,645 ",5.9%,"32,727 ",5.4%,"4,070 ",30.7%,380 ,80.1%,34 ,580.0%,,,,,272 ,6.7%,,,,,,,,,,,,,,,,,,,,,,,,,,,,,,,,
,8월,"1,308,664 ",12.8%,"93,817 ",11.2%,"27,250 ",12.8%,"2,437 ",34.2%,141 ,101.4%,17 ,41.7%,,,,,217 ,-12.9%,,,,,,,,,,,,,,,,,,,,,,,,,,,,,,,,
,9월,"1,015,650 ",9.0%,"67,771 ",2.4%,"21,266 ",3.6%,"3,423 ",57.5%,131 ,44.0%,36 ,800.0%,,,,,217 ,-6.5%,,,,,,,,,,,,,,,,,,,,,,,,,,,,,,,,
,10월,"1,078,092 ",9.5%,"56,223 ",2.6%,"15,547 ",3.3%,"2,340 ",62.0%,209 ,161.3%,21 ,90.9%,,,,,252 ,37.0%,,,,,,,,,,,,,,,,,,,,,,,,,,,,,,,,
,11월,"1,072,557 ",8.6%,"50,932 ",2.1%,"10,214 ",-1.5%,"2,416 ",10.4%,228 ,41.6%,28 ,86.7%,,,,,239 ,7.2%,,,,,,,,,,,,,,,,,,,,,,,,,,,,,,,,
,12월,"1,081,848 ",6.5%,"63,100 ",0.5%,"15,318 ",2.7%,"2,992 ",13.1%,216 ,78.5%,13 ,44.4%,,,,,270 ,-0.7%,,,,,,,,,,,,,,,,,,,,,,,,,,,,,,,,
2008년,1월,"1,322,909 ",3.2%,"84,958 ",2.0%,"13,909 ",-4.1%,"4,899 ",2.0%,156 ,-23.2%,15 ,2.0%,,,"1,401 ",,273 ,-0.7%,,,"8,207 ",11.6%,,,,,,,,,,,,,,,,,,,,,,,,,,,,
,2월,"1,132,463 ",15.3%,"58,515 ",9.4%,"11,434 ",5.9%,"3,350 ",9.4%,163 ,16.4%,33 ,9.4%,,,876 ,,219 ,-7.2%,,,,,,,,,,,,,,,,,,,,,,,,,,,,,,,,
,3월,"983,589 ",-6.0%,"56,082 ",5.5%,"11,574 ",-5.0%,"3,527 ",5.5%,246 ,64.0%,39 ,5.5%,,,888 ,,321 ,60.5%,,,,,,,,,,,,,,,,,,,,,,,,,,,,,,,,
,4월,"1,026,750 ",3.8%,"51,959 ",-4.0%,"12,590 ",0.3%,"3,439 ",-4.0%,141 ,8.5%,13 ,-4.0%,,,748 ,,227 ,-22.3%,,,,,,,,,,,,,,,,,,,,,,,,,,,,,,,,
,5월,"1,099,977 ",-0.7%,"67,847 ",0.7%,"19,076 ",6.9%,"2,762 ",-22.3%,216 ,-1.8%,26 ,-21.2%,,,516 ,,224 ,-11.8%,,,,,,,,,,,,,,,,,,,,,,,,,,,,,,,,
,6월,"1,004,715 ",-5.6%,"72,649 ",-3.4%,"22,282 ",-0.5%,"3,975 ",48.8%,248 ,45.9%,9 ,-59.1%,,,452 ,,204 ,-15.7%,,,,,,,,,,,,,,,,,,,,,,,,,,,,,,,,
,7월,"1,135,843 ",-12.5%,"80,830 ",-7.8%,"30,979 ",-5.3%,"5,171 ",27.1%,200 ,-47.4%,32 ,-5.9%,,,519 ,,245 ,-9.9%,,,,,,,,,,,,,,,,,,,,,,,,,,,,,,,,
,8월,"1,163,809 ",-11.1%,"92,204 ",-1.7%,"25,444 ",-6.6%,"4,011 ",64.6%,208 ,47.5%,13 ,-23.5%,,,539 ,,243 ,12.0%,,,,,,,,,,,,,,,,,,,,,,,,,,,,,,,,
,9월,"818,747 ",-19.4%,"55,821 ",-17.6%,"19,202 ",-9.7%,"2,905 ",-15.1%,64 ,-51.1%,10 ,-72.2%,,,422 ,,154 ,-29.0%,,,,,,,,,,,,,,,,,,,,,,,,,,,,,,,,
,10월,"932,716 ",-13.5%,"47,761 ",-15.1%,"12,228 ",-21.3%,"2,909 ",24.3%,122 ,-41.6%,4 ,-81.0%,,,552 ,,172 ,-31.7%,,,,,,,,,,,,,,,,,,,,,,,,,,,,,,,,
,11월,"707,012 ",-34.1%,"39,334 ",-22.8%,"7,452 ",-27.0%,"3,166 ",31.0%,158 ,-30.7%,8 ,-71.4%,,,546 ,,155 ,-35.1%,,,,,,,,,,,,,,,,,,,,,,,,,,,,,,,,
,12월,"667,564 ",-38.3%,"51,434 ",-18.5%,"10,394 ",-32.1%,"2,251 ",-24.8%,127 ,-41.2%,9 ,-30.8%,,,397 ,,260 ,-3.7%,,,,,,,,,,,,,,,,,,,,,,,,,,,,,,,,
2009년,1월,"812,901 ",-38.6%,"70,458 ",-17.1%,"10,962 ",-21.2%,"1,887 ",-61.5%,215 ,37.8%,44 ,193.3%,"1,032 ",,910 ,-35.0%,260 ,-4.8%,,,"6,158 ",-25.0%,,,,,,,,,,,,,,,,,,,,,,,,,,,,
,2월,"753,642 ",-33.5%,"43,090 ",-26.4%,"7,785 ",-31.9%,"1,997 ",-40.4%,104 ,-36.2%,33 ,0.0%,718 ,,670 ,-23.5%,189 ,-13.7%,,,,,,,,,,,,,,,,,,,,,,,,,,,,,,,,
,3월,"702,043 ",-28.6%,"46,689 ",-16.7%,"9,649 ",-16.6%,"2,193 ",-37.8%,175 ,-28.9%,23 ,-41.0%,801 ,,594 ,-33.1%,216 ,-32.7%,,,,,,,,,,,,,,,,,,,,,,,,,,,,,,,,
,4월,"734,681 ",-28.4%,"47,658 ",-8.3%,"9,023 ",-28.3%,"1,677 ",-51.2%,176 ,24.8%,11 ,-15.4%,983 ,,508 ,-32.1%,227 ,0.0%,,,,,,,,,,,,,,,,,,,,,,,,,,,,,,,,
,5월,"737,396 ",-33.0%,"54,656 ",-19.4%,"11,749 ",-38.4%,"1,572 ",-43.1%,164 ,-24.1%,31 ,19.2%,683 ,,436 ,-15.5%,200 ,-10.7%,,,,,,,,,,,,,,,,,,,,,,,,,,,,,,,,
,6월,"731,137 ",-27.2%,"63,507 ",-12.6%,"15,442 ",-30.7%,"1,804 ",-54.6%,197 ,-20.6%,20 ,122.2%,699 ,,382 ,-15.5%,185 ,-9.3%,,,,,,,,,,,,,,,,,,,,,,,,,,,,,,,,
,7월,"996,695 ",-12.3%,"89,451 ",10.7%,"22,944 ",-25.9%,"2,089 ",-59.6%,189 ,-5.5%,27 ,-15.6%,654 ,,438 ,-15.6%,271 ,10.6%,,,,,,,,,,,,,,,,,,,,,,,,,,,,,,,,
,8월,"1,041,527 ",-10.5%,"88,749 ",-3.7%,"16,546 ",-35.0%,"2,161 ",-46.1%,208 ,0.0%,18 ,38.5%,957 ,,426 ,-21.0%,268 ,10.3%,,,,,,,,,,,,,,,,,,,,,,,,,,,,,,,,
,9월,"658,487 ",-19.6%,"56,147 ",0.6%,"13,465 ",-29.9%,"2,105 ",-27.5%,134 ,109.4%,31 ,210.0%,737 ,,431 ,2.1%,174 ,13.0%,,,,,,,,,,,,,,,,,,,,,,,,,,,,,,,,
,10월,"714,880 ",-23.4%,"53,166 ",11.3%,"9,992 ",-18.3%,"1,971 ",-32.2%,140 ,14.8%,11 ,175.0%,626 ,,520 ,-5.8%,231 ,34.3%,,,,,,,,,,,,,,,,,,,,,,,,,,,,,,,,
,11월,"721,940 ",2.1%,"49,710 ",26.4%,"6,298 ",-15.5%,"2,210 ",-30.2%,166 ,5.1%,26 ,225.0%,560 ,,511 ,-6.4%,192 ,23.9%,,,,,,,,,,,,,,,,,,,,,,,,,,,,,,,,
,12월,"888,782 ",33.1%,"80,565 ",56.6%,"10,286 ",-1.0%,"2,474 ",9.9%,137 ,7.9%,16 ,77.8%,911 ,,756 ,90.4%,311 ,19.6%,,,,,,,,,,,,,,,,,,,,,,,,,,,,,,,,
2010년,1월,"1,118,261 ",37.6%,"98,629 ",40.0%,"10,271 ",-6.3%,"2,857 ",51.4%,288 ,34.0%,22 ,-50.0%,875 ,-15.2%,"1,322 ",45.3%,340 ,30.8%,,,"7,811 ",26.8%,,,50 ,,,,,,,,,,,,,,,,,,,,,,,,,
,2월,"908,103 ",20.5%,"64,648 ",50.0%,"8,179 ",5.1%,"2,539 ",27.1%,263 ,152.9%,4 ,-87.9%,502 ,-30.1%,760 ,13.4%,249 ,31.7%,,,,,,,41 ,,,,,,,,,,,,,,,,,,,,,,,,,
,3월,"950,185 ",35.3%,"68,094 ",45.8%,"9,852 ",2.1%,"2,518 ",14.8%,221 ,26.3%,12 ,-47.8%,586 ,-26.8%,603 ,1.5%,276 ,27.8%,,,,,,,40 ,,,,,,,,,,,,,,,,,,,,,,,,,
,4월,"935,904 ",27.4%,"70,945 ",48.9%,"10,544 ",16.9%,"2,168 ",29.3%,164 ,-6.8%,26 ,136.4%,771 ,-21.6%,501 ,-1.4%,246 ,8.4%,,,,,,,40 ,,,,,,,,,,,,,,,,,,,,,,,,,
,5월,"1,023,815 ",38.8%,"94,332 ",72.6%,"15,528 ",32.2%,"2,394 ",52.3%,222 ,35.4%,23 ,-25.8%,584 ,-14.5%,433 ,-0.7%,230 ,15.0%,,,,,,,64 ,,,,,,,,,,,,,,,,,,,,,,,,,
,6월,"997,597 ",36.4%,"101,045 ",59.1%,"21,838 ",41.4%,"2,325 ",28.9%,217 ,10.2%,40 ,100.0%,652 ,-6.7%,382 ,0.0%,299 ,61.6%,,,,,,,49 ,,,,,,,,,,,,,,,,,,,,,,,,,
,7월,"1,223,723 ",22.8%,"128,711 ",43.9%,"27,087 ",18.1%,"2,608 ",24.8%,279 ,47.6%,16 ,-40.7%,879 ,34.4%,248 ,-43.4%,273 ,0.7%,,,,,,,54 ,,,,,,,,,,,,,,,,,,,,,,,,,
,8월,"1,235,742 ",18.6%,"119,191 ",34.3%,"21,047 ",27.2%,"3,134 ",45.0%,207 ,-0.5%,102 ,466.7%,914 ,-4.5%,252 ,-40.8%,312 ,16.4%,,,,,,,48 ,,,,,,,,,,,,,,,,,,,,,,,,,
,9월,"1,013,123 ",53.9%,"97,350 ",73.4%,"14,849 ",10.3%,"2,301 ",9.3%,141 ,5.2%,15 ,-51.6%,621 ,-15.7%,182 ,-57.8%,197 ,13.2%,,,,,,,46 ,,,,,,,,,,,,,,,,,,,,,,,,,
,10월,"1,055,581 ",47.7%,"91,134 ",71.4%,"12,104 ",21.1%,"2,459 ",71.4%,103 ,-26.4%,37 ,71.4%,756 ,71.4%,284 ,-45.4%,218 ,-5.6%,,,,,,,54 ,,,,,,,,,,,,,,,,,,,,,,,,,
,11월,"1,004,902 ",39.2%,"80,737 ",62.4%,"7,146 ",13.5%,"2,868 ",62.4%,152 ,-8.4%,56 ,62.4%,793 ,62.4%,634 ,24.1%,271 ,41.1%,,,,,,,30 ,,,,,,,,,,,,,,,,,,,,,,,,,
,12월,"1,021,428 ",14.9%,"92,702 ",15.1%,"11,508 ",11.4%,"2,688 ",15.1%,211 ,54.0%,22 ,15.1%,877 ,15.1%,940 ,24.3%,325 ,4.5%,,,,,,,33 ,,,,,,,,,,,,,,,,,,,,,,,,,
2011년,1월,"1,268,007 ",13.4%,"125,025 ",26.8%,"11,023 ",7.3%,"4,117 ",44.1%,158 ,-45.1%,47 ,113.6%,"1,077 ",23.1%,"1,402 ",6.1%,341 ,0.3%,,,"9,680 ",23.9%,,,28 ,-44.0%,,,,,,,,,,,,,,,,,,,,,,,,
,2월,"1,091,628 ",20.2%,"83,156 ",28.6%,"7,838 ",-4.2%,"4,239 ",67.0%,155 ,-41.1%,31 ,675.0%,634 ,26.3%,873 ,14.9%,240 ,-3.6%,,,,,,,23 ,-43.9%,,,,,,,,,,,,,,,,,,,,,,,,
,3월,"868,694 ",-8.6%,"74,906 ",2.9%,"8,096 ",-17.8%,"3,613 ",2.9%,223 ,0.9%,28 ,2.9%,570 ,2.9%,"1,373 ",127.7%,300 ,8.7%,,,,,,,44 ,2.9%,,,,,,,,,,,,,,,,,,,,,,,,
,4월,"867,487 ",-7.3%,"74,273 ",4.7%,"9,698 ",-8.0%,"3,348 ",54.4%,153 ,-6.7%,30 ,15.4%,694 ,-10.0%,716 ,42.9%,298 ,21.1%,,,,,,,37 ,-7.5%,,,,,,,,,,,,,,,,,,,,,,,,
,5월,"1,014,409 ",-0.9%,"100,492 ",6.5%,"14,521 ",-6.5%,"4,126 ",72.3%,202 ,-9.0%,46 ,100.0%,554 ,-5.1%,652 ,50.6%,254 ,10.4%,,,,,,,41 ,-35.9%,,,,,,,,,,,,,,,,,,,,,,,,
,6월,"1,053,658 ",5.6%,"109,639 ",8.5%,"18,957 ",-13.2%,"3,443 ",48.1%,252 ,16.1%,28 ,-30.0%,676 ,3.7%,550 ,44.0%,360 ,20.4%,,,,,,,35 ,-28.6%,,,,,,,,,,,,,,,,,,,,,,,,
,7월,"1,241,629 ",1.5%,"137,088 ",6.5%,"25,302 ",-6.6%,"3,886 ",49.0%,262 ,-6.1%,45 ,181.3%,724 ,-17.6%,443 ,78.6%,299 ,9.5%,,,,,,,43 ,-20.4%,,,,,,,,,,,,,,,,,,,,,,,,
,8월,"1,247,222 ",0.9%,"129,505 ",8.7%,"17,267 ",-18.0%,"3,818 ",21.8%,231 ,11.6%,70 ,-31.4%,854 ,-6.6%,578 ,129.4%,283 ,-9.3%,,,,,,,51 ,6.3%,,,,,,,,,,,,,,,,,,,,,,,,
,9월,"1,013,507 ",0.0%,"95,192 ",-2.2%,"14,739 ",-0.7%,"3,411 ",48.2%,263 ,86.5%,49 ,226.7%,774 ,24.6%,652 ,258.2%,181 ,-8.1%,,,,,,,27 ,-41.3%,,,,,,,,,,,,,,,,,,,,,,,,
,10월,"1,032,589 ",-2.2%,"93,323 ",2.4%,"10,775 ",-11.0%,"3,034 ",23.4%,202 ,96.1%,30 ,-18.9%,"1,287 ",70.2%,641 ,125.7%,185 ,-15.1%,,,,,,,39 ,-27.8%,,,,,,,,,,,,,,,,,,,,,,,,
,11월,"974,255 ",-3.0%,"86,739 ",7.4%,"7,156 ",0.1%,"3,984 ",38.9%,164 ,7.9%,34 ,-39.3%,626 ,-21.1%,933 ,47.2%,284 ,4.8%,,,,,,,39 ,30.0%,,,,,,,,,,,,,,,,,,,,,,,,
,12월,"1,020,648 ",-0.1%,"101,859 ",9.9%,"10,311 ",-10.4%,"3,611 ",34.3%,162 ,-23.2%,39 ,77.3%,818 ,-6.7%,995 ,5.9%,286 ,-12.0%,,,,,,,32 ,-3.0%,,,,,,,,,,,,,,,,,,,,,,,,
2012년,1월,"1,200,782 ",-5.3%,"123,371 ",-1.3%,"9,177 ",-16.7%,"4,199 ",2.0%,226 ,43.0%,52 ,10.6%,936 ,-13.1%,"1,414 ",0.9%,309 ,-9.4%,346 ,,"10,588 ",9.4%,"4,121 ",,29 ,3.6%,,,,,,,,,,,,,,,,,,,,,,,,
,2월,"1,150,334 ",5.4%,"91,386 ",9.9%,"8,273 ",5.5%,"3,973 ",-6.3%,154 ,-0.6%,45 ,45.2%,532 ,-16.1%,"1,199 ",37.3%,235 ,-2.1%,454 ,,,,"3,518 ",,45 ,95.7%,,,,,,,,,,,,,,,,,,,,,,,,
,3월,"1,018,952 ",17.3%,"84,561 ",12.9%,"7,505 ",-7.3%,"4,698 ",30.0%,252 ,13.0%,24 ,-14.3%,614 ,7.7%,"1,163 ",-15.3%,394 ,31.3%,461 ,,,,"4,310 ",,40 ,-9.1%,,,,,,,,,,,,,,,,,,,,,,,,
,4월,"1,018,645 ",17.4%,"88,266 ",18.8%,"7,797 ",-19.6%,"4,148 ",23.9%,165 ,7.8%,15 ,-50.0%,782 ,12.7%,947 ,32.3%,313 ,5.0%,372 ,,,,"3,321 ",,32 ,-13.5%,,,,,,,,,,,,,,,,,,,,,,,,
,5월,"1,096,950 ",8.1%,"104,367 ",3.9%,"13,057 ",-10.1%,"4,158 ",0.8%,225 ,11.4%,25 ,-45.7%,617 ,11.4%,679 ,4.1%,251 ,-1.2%,359 ,,,,"3,444 ",,47 ,14.6%,,,,,,,,,,,,,,,,,,,,,,,,
,6월,"1,109,273 ",5.3%,"116,625 ",6.4%,"17,797 ",-6.1%,"4,899 ",42.3%,245 ,-2.8%,18 ,-35.7%,718 ,6.2%,907 ,64.9%,238 ,-33.9%,378 ,,,,"3,933 ",,38 ,8.6%,,,,,,,,,,,,,,,,,,,,,,,,
,7월,"1,305,418 ",5.1%,"130,245 ",-5.0%,"24,004 ",-5.1%,"4,330 ",11.4%,235 ,-10.3%,42 ,-6.7%,894 ,23.5%,552 ,24.6%,292 ,-2.3%,377 ,,,,"3,705 ",,24 ,-44.2%,,,,,,,,,,,,,,,,,,,,,,,,
,8월,"1,334,651 ",7.0%,"131,807 ",1.8%,"16,770 ",-2.9%,"4,174 ",9.3%,129 ,-44.2%,17 ,-75.7%,701 ,-17.9%,535 ,-7.4%,275 ,-2.8%,348 ,,,,"3,720 ",,31 ,-39.2%,,,,,,,,,,,,,,,,,,,,,,,,
,9월,"1,059,709 ",4.6%,"103,249 ",8.5%,"14,101 ",-4.3%,"3,690 ",8.2%,195 ,-25.9%,22 ,-55.1%,603 ,-22.1%,681 ,4.4%,209 ,15.5%,357 ,,,,"3,063 ",,34 ,25.9%,,,,,,,,,,,,,,,,,,,,,,,,
,10월,"1,154,742 ",11.8%,"104,436 ",11.9%,"13,617 ",26.4%,"4,139 ",36.4%,148 ,-26.7%,38 ,26.7%,563 ,-56.3%,719 ,12.2%,242 ,30.8%,326 ,,,,"3,779 ",,35 ,-10.3%,,,,,,,,,,,,,,,,,,,,,,,,
,11월,"1,117,550 ",14.7%,"99,150 ",14.3%,"7,292 ",1.9%,"4,029 ",1.1%,171 ,4.3%,20 ,-41.2%,541 ,-13.6%,"1,163 ",24.7%,302 ,6.3%,376 ,,,,"4,815 ",,37 ,-5.1%,,,,,,,,,,,,,,,,,,,,,,,,
,12월,"1,169,970 ",14.6%,"117,606 ",15.5%,"11,221 ",8.8%,"3,552 ",-1.6%,168 ,3.7%,32 ,-17.9%,756 ,-7.6%,"1,071 ",7.6%,377 ,31.8%,357 ,,,,"5,886 ",,27 ,-15.6%,,,,,,,,,,,,,,,,,,,,,,,,
2013년,1월,"1,425,900 ",18.7%,"135,766 ",10.0%,"10,429 ",13.6%,"44,339 ",-11.3%,210 ,-7.1%,13 ,-75.0%,"1,027 ",9.7%,"1,870 ",32.2%,385,24.6%,399 ,15.3%,"11,175 ",5.5%,"5,049 ",22.5%,22 ,-24.1%,,,,,,,,,,,,,,,,,,,,,,,,
,2월,"1,184,807 ",3.0%,"91,720 ",0.4%,"8,325 ",0.6%,"44,339 ",,176 ,14.3%,33 ,-26.7%,614 ,15.4%,"1,089 ",-9.2%,247,5.1%,425 ,-6.4%,,,"3,699 ",5.1%,18 ,-60.0%,,,,,,,,,,,,,,,,,,,,,,,,
,3월,"1,113,946 ",9.3%,"92,551 ",9.4%,"8,175 ",8.9%,"44,339 ",,252 ,0.0%,30 ,25.0%,852 ,38.8%,"1,113 ",-4.3%,352,-10.7%,370 ,-19.7%,,,"5,157 ",19.7%,23 ,-42.5%,,,,,,,,,,,,,,,,,,,,,,,,
,4월,"1,097,420 ",7.7%,"94,652 ",7.2%,"8,842 ",13.4%,"44,339 ",,156 ,-5.5%,36 ,140.0%,633 ,-19.1%,888 ,-6.2%,220,-29.7%,315 ,-15.3%,,,"4,383 ",32.0%,26 ,-18.8%,,,,,,,,,,,,,,,,,,,,,,,,
,5월,"1,185,405 ",8.1%,"120,355 ",15.3%,"13,985 ",7.1%,"44,339 ",,126 ,-44.0%,56 ,124.0%,712 ,15.4%,701 ,3.2%,273,8.8%,272 ,-24.2%,,,"4,695 ",36.3%,32 ,-31.9%,,,,,,,,,,,,,,,,,,,,,,,,
,6월,"1,221,491 ",10.1%,"131,007 ",12.3%,"18,518 ",4.1%,"44,339 ",,286 ,16.7%,59 ,227.8%,726 ,1.1%,554 ,-38.9%,241,1.3%,287 ,-24.1%,,,"4,699 ",19.5%,21 ,-44.7%,,,,,,,,,,,,,,,,,,,,,,,,
,7월,"1,417,422 ",8.6%,"151,207 ",16.1%,"24,728 ",3.0%,"44,339 ",,226 ,-3.8%,24 ,-42.9%,657 ,-26.5%,657 ,19.0%,326,11.6%,311 ,-17.5%,,,"4,697 ",26.8%,23 ,-4.2%,,,,,,,,,,,,,,,,,,,,,,,,
,8월,"1,407,186 ",5.4%,"143,227 ",8.7%,"18,046 ",7.6%,"44,339 ",,438 ,239.5%,22 ,29.4%,541 ,-22.8%,588 ,9.9%,320,16.4%,256 ,-26.4%,,,"4,470 ",20.2%,22 ,-29.0%,,,,,,,,,,,,,,,,,,,,,,,,
,9월,"1,195,238 ",12.8%,"123,909 ",20.0%,"16,638 ",18.0%,"44,339 ",,105 ,-46.2%,41 ,86.4%,479 ,-20.6%,516 ,-24.2%,249,19.1%,302 ,-15.4%,,,"3,994 ",30.4%,20 ,-41.2%,,,,,,,,,,,,,,,,,,,,,,,,
,10월,"1,239,143 ",7.3%,"117,240 ",12.3%,"13,068 ",-4.0%,"44,339 ",,140 ,-5.4%,10 ,-73.7%,443 ,-21.3%,772 ,7.4%,223,-7.9%,257 ,-21.2%,,,"5,135 ",35.9%,23 ,-34.3%,,,,,,,,,,,,,,,,,,,,,,,,
,11월,"1,154,064 ",3.3%,"108,660 ",9.6%,"7,478 ",2.6%,"44,339 ",,241 ,40.9%,23 ,15.0%,494 ,-8.7%,965 ,-17.0%,328,8.6%,295 ,-21.5%,,,"6,192 ",28.6%,24 ,-35.1%,,,,,,,,,,,,,,,,,,,,,,,,
,12월,"1,204,463 ",2.9%,"127,630 ",8.5%,"10,291 ",-8.3%,"44,339 ",,210 ,25.0%,22 ,-31.3%,"1,004 ",32.8%,"1,053 ",-1.7%,318,-15.6%,291 ,-18.5%,,,"7,079 ",20.3%,32 ,18.5%,,,,,,,,,,,,,,,,,,,,,,,,
2014년,1월,"1,468,903 ",3.0%,"145,109 ",6.9%,"10,459 ",0.3%,"45,522 ",2.7%,188 ,-10.5%,37 ,184.6%,"1,046 ",1.9%,"1,979 ",5.8%,430 ,11.7%,346 ,-13.3%,"17,265 ",54.5%,"6,241 ",23.6%,"3,834 ",1240.6%,,,,,,,,,,,,,,,,,,,,,,,,
,2월,"1,312,683 ",10.8%,"83,750 ",-8.7%,"8,922 ",7.2%,,,272 ,54.5%,71 ,115.2%,616 ,0.3%,"1,285 ",18.0%,278 ,12.6%,357 ,-16.0%,,,"5,323 ",43.9%,,,,,,,,,,,,,,,,,,,,,,,,,,
,3월,"1,150,959 ",3.3%,"97,189 ",5.0%,"8,764 ",7.2%,,,182 ,-27.8%,28 ,-6.7%,681 ,-20.1%,"1,302 ",17.0%,372 ,5.7%,386 ,4.3%,,,"6,171 ",19.7%,,,,,,,,,,,,,,,,,,,,,,,,,,
,4월,"1,179,885 ",7.5%,"108,043 ",14.1%,"10,969 ",24.1%,,,54 ,-65.4%,22 ,-38.9%,938 ,48.2%,"1,013 ",14.1%,295 ,34.1%,255 ,-19.0%,,,"5,933 ",35.4%,,,,,,,,,,,,,,,,,,,,,,,,,,
,5월,"1,223,003 ",3.2%,"119,619 ",-0.6%,"17,133 ",22.5%,,,158 ,25.4%,37 ,-33.9%,672 ,-5.6%,660 ,-5.8%,256 ,-6.2%,326 ,19.9%,,,"5,650 ",20.3%,,,,,,,,,,,,,,,,,,,,,,,,,,
,6월,"1,270,439 ",4.0%,"133,790 ",2.1%,"20,635 ",11.4%,,,150 ,-47.6%,54 ,-8.5%,699 ,-3.7%,673 ,21.5%,363 ,50.6%,239 ,-16.7%,,,"5,946 ",26.5%,,,,,,,,,,,,,,,,,,,,,,,,,,
,7월,"1,454,795 ",2.6%,"148,996 ",-1.5%,"28,997 ",17.3%,,,136 ,-39.8%,32 ,33.3%,820 ,24.8%,803 ,22.2%,316 ,-3.1%,325 ,4.5%,,,"5,227 ",11.3%,,,,,,,,,,,,,,,,,,,,,,,,,,
,8월,"1,547,193 ",9.9%,"150,522 ",5.1%,"20,603 ",14.2%,,,201 ,-54.1%,28 ,27.3%,"1,054 ",94.8%,704 ,19.7%,397 ,24.1%,324 ,26.6%,,,"5,600 ",25.3%,,,,,,,,,,,,,,,,,,,,,,,,,,
,9월,"1,321,293 ",10.5%,"120,384 ",-2.8%,"19,661 ",18.2%,,,102 ,-2.9%,15 ,-63.4%,708 ,47.8%,680 ,31.8%,275 ,10.4%,245 ,-18.9%,,,"5,259 ",31.7%,,,,,,,,,,,,,,,,,,,,,,,,,,
,10월,"1,432,100 ",15.6%,"126,819 ",8.2%,"17,946 ",37.3%,,,145 ,3.6%,26 ,160.0%,695 ,56.9%,"1,019 ",32.0%,298 ,33.6%,331 ,28.8%,,,"7,071 ",37.7%,,,,,,,,,,,,,,,,,,,,,,,,,,
,11월,"1,288,754 ",11.7%,"105,671 ",-2.8%,"8,368 ",11.9%,,,162 ,-32.8%,38 ,65.2%,750 ,51.8%,"1,240 ",28.5%,299 ,-8.8%,361 ,22.4%,,,"7,064 ",14.1%,,,,,,,,,,,,,,,,,,,,,,,,,,
,12월,"1,430,677 ",18.8%,"133,473 ",4.6%,"11,313 ",9.9%,,,110 ,-47.6%,37 ,68.2%,"1,171 ",16.6%,"1,273 ",20.9%,373 ,17.3%,385 ,32.3%,,,"9,605 ",35.7%,,,,,,,,,,,,,,,,,,,,,,,,,,
2015년,1월,"1,834,538 ",24.9%,"160,175 ",10.4%,"11,115 ",6.3%,"50,725 ",11.4%,89 ,-52.7%,77 ,108.1%,"1,298 ",24.1%,"3,015 ",52.3%,461 ,7.2%,439 ,26.9%,"23,094 ",33.8%,"7,594 ",21.7%," 5,042 ",31.5%,,,,,,,,,,,,,,,,,,,,,,,,
,2월,"1,445,609 ",10.1%,"118,912 ",42.0%,"9,397 ",5.3%,,,87 ,-68.0%,45 ,-36.6%,682 ,10.7%,"1,627 ",26.6%,432 ,55.4%,441 ,23.5%,,,"6,317 ",18.7%,,,,,,,,,,,,,,,,,,,,,,,,,,
,3월,"1,416,683 ",23.1%,"113,589 ",16.9%,"9,197 ",4.9%,,,191 ,4.9%,30 ,7.1%,694 ,1.9%,"1,814 ",39.3%,350 ,-5.9%,520 ,34.7%,,,"8,675 ",40.6%,,,,,,,,,,,,,,,,,,,,,,,,,,
,4월,"1,495,460 ",26.7%,"132,226 ",22.4%,"11,823 ",7.8%,,,115 ,113.0%,31 ,40.9%,998 ,6.4%,"1,469 ",45.0%,327 ,10.8%,329 ,29.0%,,,"6,945 ",17.1%,,,,,,,,,,,,,,,,,,,,,,,,,,
,5월,"1,579,265 ",29.1%,"154,737 ",29.4%,"19,841 ",15.8%,,,95 ,-39.9%,26 ,-29.7%,677 ,0.7%,726 ,10.0%,230 ,-10.2%,349 ,7.1%,,,"7,901 ",39.8%,,,,,,,,,,,,,,,,,,,,,,,,,,
,6월,"1,373,551 ",8.1%,"147,947 ",10.6%,"24,961 ",21.0%,,,140 ,-6.7%,23 ,-57.4%,"2,902 ",315.2%,733 ,8.9%,356 ,-1.9%,380 ,59.0%,,,"7,535 ",26.7%,,,,,,,,,,,,,,,,,,,,,,,,,,
,7월,"1,675,332 ",15.2%,"176,272 ",18.3%,"32,107 ",10.7%,,,254 ,86.8%,34 ,6.3%,889 ,8.4%,966 ,20.3%,308 ,-2.5%,490 ,50.8%,,,"7,300 ",39.7%,,,,,,,,,,,,,,,,,,,,,,,,,,
,8월,"1,835,249 ",18.6%,"161,642 ",7.4%,"22,622 ",9.8%,,,171 ,-14.9%,38 ,35.7%,,,864 ,22.7%,289 ,-27.2%,415 ,28.1%,,,"7,572 ",35.2%,,,,,,,,,,,,,,,,,,,,,,,,,,
,9월,"1,511,657 ",14.4%,"146,037 ",21.3%,"20,968 ",6.6%,,,124 ,21.6%,37 ,146.7%,,,"1,738 ",2.3%,250 ,-9.1%,376 ,53.5%,,,"6,339 ",20.5%,,,,,,,,,,,,,,,,,,,,,,,,,,
,10월,"1,735,308 ",21.2%,"153,690 ",21.2%,"20,265 ",12.9%,,,210 ,44.8%,26 ,0.0%,,,,,300 ,0.7%,415 ,25.4%,,,"8,146 ",15.2%,,,,,,,,,,,,,,,,,,,,,,,,,,
,11월,"1,626,063 ",26.2%,"145,991 ",38.2%,"9,718 ",16.1%,,,170 ,4.9%,23 ,-39.5%,,,"1,555 ",25.4%,378 ,26.4%,526 ,45.7%,,,"10,553 ",49.4%,,,,,,,,,,,,,,,,,,,,,,,,,,
,12월,"1,781,715",24.5%,"164,238 ",23.0%,"12,727 ",12.5%,,,165 ,50.0%,36 ,-2.7%,,,"1,872 ",47.1%,486 ,30.3%,420 ,9.1%,,,"10,577 ",10.1%,,,,,,,,,,,,,,,,,,,,,,,,,,
2016년,1월,"2,112,337",15.1%,"181,347 ",13.2%,"12,658 ",13.9%,"50,312 ",-0.8%,201 ,125.8%,42 ,-45.5%,,,"16,323 ",-0.3%,502 ,8.9%,492 ,12.1%,"21,347 ",-7.6%,"9,365 ",23.3%," 5,053 ",0.2%,,,,,,,,,,,,,,,,,,,,,,,,
,2월,"1,876,928",29.8%,"150,529 ",26.6%,"11,806 ",25.6%,,,183 ,110.3%,34 ,-24.4%,,,,,415 ,-3.9%,,,,,"7,307 ",15.7%,,,,,,,,,,,,,,,,,,,,,,,,,,
,3월,"1,569,162",10.8%,"126,499 ",11.4%,"10,341 ",12.4%,,,190 ,-0.5%,26 ,-13.3%,,,,,451 ,28.9%,,,,,"8,465 ",-2.4%,,,,,,,,,,,,,,,,,,,,,,,,,,
,4월,"1,636,597",9.4%,"136,312 ",3.1%,"14,582 ",23.3%,,,146 ,27.0%,21 ,-32.3%,,,,,292 ,-10.7%,,,,,"7,217 ",3.9%,,,,,,,,,,,,,,,,,,,,,,,,,,
,5월,"1,656,728",4.9%,"154,922 ",0.1%,"21,143 ",6.6%,,,206 ,116.8%,18 ,-30.8%,,,,,283 ,23.0%,,,,,"6,931 ",-12.3%,,,,,,,,,,,,,,,,,,,,,,,,,,
,6월,"1,778,317",29.5%,"172,488 ",16.6%,"29,325 ",17.5%,,,191 ,36.4%,46 ,100.0%,,,,,321 ,-9.8%,,,,,"6,245 ",-17.1%,,,,,,,,,,,,,,,,,,,,,,,,,,
,7월,"2,086,068",24.5%,"195,374 ",10.8%,"41,841 ",30.3%,,,256 ,0.8%,41 ,20.6%,,,,,368 ,19.5%,,,,,"6,646 ",-9.0%,,,,,,,,,,,,,,,,,,,,,,,,,,
,8월,"2,064,241",12.5%,"171,043 ",5.8%,"31,165 ",37.8%,,,248 ,45.0%,16 ,-57.9%,,,,,286 ,-1.0%,,,,,"7,295 ",-3.7%,,,,,,,,,,,,,,,,,,,,,,,,,,
,9월,"1,904,524",26.0%,"179,262 ",22.8%,"33,283 ",58.7%,,,220 ,77.4%,19 ,-48.6%,,,,,279 ,11.6%,,,,,"6,065 ",-4.3%,,,,,,,,,,,,,,,,,,,,,,,,,,
,10월,"1,865,552",7.5%,"168,447 ",9.6%,"23,195 ",14.5%,,,215 ,2.4%,49 ,88.5%,,,,,343 ,14.3%,,,,,"7,363 ",-9.6%,,,,,,,,,,,,,,,,,,,,,,,,,,
,11월,"1,825,701",12.3%,"159,663 ",9.4%,"11,170 ",14.9%,,,197 ,15.9%,33 ,43.5%,,,,,373 ,-1.3%,,,,,"9,048 ",-14.3%,,,,,,,,,,,,,,,,,,,,,,,,,,
,12월,"2,007,035",12.6%,"186,630 ",13.6%,"14,250 ",12.0%,,,170 ,3.0%,25 ,-30.6%,,,,,429 ,-11.7%,,,,,"10,246 ",-3.1%,,,,,,,,,,,,,,,,,,,,,,,,,,
2017년,1월,"2,343,048",10.9%,"206,737 ",14.0%,"15,946 ",26.0%,"42,997 ",-14.5%,270 ,34.3%,60 ,42.9%,,,"20,410 ",25.0%,506 ,0.8%,,,"29,323 ",37.4%,"9,007 ",-3.8%," 5,606 ",10.9%,,,,,,,,,,,,,,,,,,,,,,,,
,2월,"2,231,269",18.9%,"171,611 ",14.0%,"12,419 ",5.2%,,,185 ,1.1%,74 ,117.6%,,,,,564 ,35.9%,,,,,"7,518 ",2.9%,,,,,,,,,,,,,,,,,,,,,,,,,,
,3월,"1,940,542",23.7%,"158,169 ",25.0%,"12,672 ",22.5%,,,140 ,-26.3%,27 ,3.8%,,,,,498 ,10.4%,,,,,"8,169 ",-3.5%,,,,,,,,,,,,,,,,,,,,,,,,,,
,4월,"2,003,943",22.4%,"181,498 ",33.1%,"19,846 ",36.1%,,,236 ,61.6%,26 ,23.8%,,,,,419 ,43.5%,,,,,"7,810 ",8.2%,,,,,,,,,,,,,,,,,,,,,,,,,,
,5월,"2,003,834",21.0%,"182,857 ",18.0%,"26,633 ",26.0%,,,260 ,26.2%,52 ,188.9%,,,,,442 ,56.2%,,,,,"7,848 ",13.2%,,,,,,,,,,,,,,,,,,,,,,,,,,
,6월,"2,098,126",18.0%,"198,157 ",14.9%,"33,701 ",14.9%,,,367 ,92.1%,33 ,-28.3%,,,,,331 ,3.1%,,,,,"7,117 ",14.0%,,,,,,,,,,,,,,,,,,,,,,,,,,
,7월,"2,389,447",14.5%,"219,753 ",12.5%,"41,148 ",-1.7%,,,423 ,65.2%,24 ,-41.5%,,,,,449 ,22.0%,,,,,"9,545 ",43.6%,,,,,,,,,,,,,,,,,,,,,,,,,,
,8월,"2,385,301",15.6%,"202,835 ",18.6%,"30,231 ",-3.0%,,,155 ,-37.5%,10 ,-37.5%,,,,,337 ,17.8%,,,,,"8,715 ",19.5%,,,,,,,,,,,,,,,,,,,,,,,,,,
,9월,"2,236,500",8.3%,"219,849 ",22.6%,"41,309 ",24.1%,,,190 ,-13.6%,18 ,12.5%,,,,,382 ,36.9%,,,,,"8,409 ",38.6%,,,,,,,,,,,,,,,,,,,,,,,,,,
,10월,"2,231,748",19.6%,"203,809 ",21.0%,"34,917 ",50.5%,,,188 ,-12.6%,14 ,-71.4%,,,,,328 ,-4.4%,,,,,"9,686 ",31.5%,,,,,,,,,,,,,,,,,,,,,,,,,,
,11월,"2,227,747",22.0%,"178,959 ",12.1%,"16,479 ",47.5%,,,275 ,39.6%,21 ,-36.4%,,,,,465 ,24.7%,,,,,"10,511 ",16.2%,,,,,,,,,,,,,,,,,,,,,,,,,,
,12월,"2,342,310",16.7%,"210,605 ",12.8%,"16,175 ",13.5%,,,,,31 ,24.0%,,,,,470 ,9.6%,,,,,"12,383 ",20.9%,,,,,,,,,,,,,,,,,,,,,,,,,,
2018년,1월,"2,866,780",22.4%,"224,005 ",8.4%,"15,156 ",-5.0%,"33,845 ",-21.3%,295 ,9.3%,29 ,-51.7%,,,"22,994 ",12.7%,577 ,14.0%,,,"32,133 ",9.6%,"12,413 ",37.8%," 5,370 ",-4.2%,,,,,,,,,,,,,,,,,,,,,,,,
,2월,"2,311,009",3.6%,"168,171 ",-2.0%,"10,934 ",-12.0%,,,271 ,46.5%,34 ,-54.1%,,,,,549 ,-2.7%,,,,,"9,237 ",22.9%,,,,,,,,,,,,,,,,,,,,,,,,,,
,3월,"2,252,565",16.1%,"156,455 ",-1.1%,"13,359 ",5.4%,,,321 ,129.3%,30 ,11.1%,,,,,497 ,-0.2%,,,,,"10,514 ",28.7%,,,,,,,,,,,,,,,,,,,,,,,,,,
,4월,"2,230,200",11.3%,"170,804 ",-5.9%,"15,786 ",-20.5%,,,207 ,-12.3%,15 ,-42.3%,,,,,301 ,-28.2%,,,,,"10,045 ",28.6%,,,,,,,,,,,,,,,,,,,,,,,,,,
,5월,"2,331,565",16.4%,"189,192 ",3.5%,"25,296 ",-5.0%,,,123 ,-52.7%,18 ,-65.4%,,,,,393 ,-11.1%,,,,,"9,152 ",16.6%,,,,,,,,,,,,,,,,,,,,,,,,,,
,6월,"2,323,986",10.8%,"202,116 ",2.0%,"32,411 ",-3.8%,,,236 ,-35.7%,47 ,42.4%,,,,,295 ,-10.9%,,,,,"9,439 ",32.6%,,,,,,,,,,,,,,,,,,,,,,,,,,
,7월,"2,495,297",4.4%,"218,681 ",-0.5%,"42,845 ",4.1%,,,285 ,-32.6%,34 ,41.7%,,,,,385 ,-14.3%,,,,,"9,843 ",3.1%,,,,,,,,,,,,,,,,,,,,,,,,,,
,8월,"2,519,860",5.6%,"201,782 ",-0.5%,"23,646 ",-21.8%,,,220 ,41.9%,37 ,270.0%,,,,,454 ,34.7%,,,,,"9,140 ",4.9%,,,,,,,,,,,,,,,,,,,,,,,,,,
,9월,"2,225,756",-0.5%,"192,400 ",-12.5%,"25,294 ",-38.8%,,,196 ,3.2%,16 ,-11.1%,,,,,296 ,-22.5%,,,,,"8,262 ",-1.7%,,,,,,,,,,,,,,,,,,,,,,,,,,
,10월,"2,347,876",5.2%,"178,648 ",-12.3%,"24,067 ",-31.1%,,,237 ,26.1%,23 ,64.3%,,,,,309 ,-5.8%,,,,,"10,317 ",6.5%,,,,,,,,,,,,,,,,,,,,,,,,,,
,11월,"2,295,810",3.1%,"139,298 ",-22.2%,"11,315 ",-31.3%,,,277 ,0.7%,7 ,-66.7%,,,,,318 ,-31.6%,,,,,"11,507 ",9.5%,,,,,,,,,,,,,,,,,,,,,,,,,,
,12월,"2,495,279",6.5%,"169,045 ",-19.7%,"13,127 ",-18.8%,,,197 ,-,18 ,-41.9%,,,,,505 ,7.4%,,,,,"12,438 ",0.4%,,,,,,,,,,,,,,,,,,,,,,,,,,
2019년,1월,"2,912,331",1.6%,"211,479 ",-5.6%,"14,639 ",-3.4%,"39,321 ",16.2%,305 ,3.4%,33 ,13.8%,,,,,787 ,36.4%,,,,,"11,778 ",-5.1%,,,,,,,,,,,,,,,,,,,,,,,,,,
,2월,"2,617,946",13.3%,"165,478 ",-1.6%,"12,993 ",18.8%,,,189 ,-30.3%,39 ,14.7%,,,,,505 ,-8.0%,,,,,"10,647 ",15.3%,,,,,,,,,,,,,,,,,,,,,,,,,,
,3월,"2,334,153",3.6%,"144,854 ",-7.4%,"11,156 ",-16.5%,,,366 ,14.0%,18 ,-40.0%,,,,,403 ,-18.9%,,,,,"11,040 ",5.0%,,,,,,,,,,,,,,,,,,,,,,,,,,
,4월,"2,246,417",0.7%,"159,186 ",-6.8%,"17,621 ",11.6%,,,294 ,42.0%,23 ,53.3%,,,,,369 ,22.6%,,,,,"9,997 ",-0.5%,,,,,,,,,,,,,,,,,,,,,,,,,,
,5월,"2,401,204",3.0%,"187,309 ",-1.0%,"27,673 ",9.4%,,,262 ,113.0%,33 ,83.3%,,,,,320 ,-18.6%,,,,,"9,812 ",7.2%,,,,,,,,,,,,,,,,,,,,,,,,,,
,6월,"2,495,798",7.4%,"198,870 ",-1.6%,"30,830 ",-4.9%,,,230 ,-2.5%,15 ,-68.1%,,,,,271 ,-8.1%,,,,,"8,515 ",-9.8%,,,,,,,,,,,,,,,,,,,,,,,,,,
,7월,"2,642,585",5.9%,"222,906 ",1.9%,"41,235 ",-3.8%,,,251 ,-11.9%,30 ,-11.8%,,,,,474 ,23.1%,,,,,"9,679 ",-1.7%,,,,,,,,,,,,,,,,,,,,,,,,,,
,8월,"2,427,634",-3.7%,"209,738 ",3.9%,"30,508 ",29.0%,,,187 ,-15.0%,100 ,170.3%,,,,,320 ,-29.5%,,,,,"7,984 ",-12.6%,,,,,,,,,,,,,,,,,,,,,,,,,,
,9월,"2,049,830",-7.9%,"195,890 ",1.8%,"32,709 ",29.3%,,,195 ,-0.5%,18 ,12.5%,,,,,304 ,2.7%,,,,,"7,667 ",-7.2%,,,,,,,,,,,,,,,,,,,,,,,,,,
,10월,"2,153,847",-8.3%,"202,448 ",13.3%,"18,998 ",-21.1%,,,228 ,-3.8%,43 ,87.0%,,,,,321 ,3.9%,,,,,"10,031 ",-2.8%,,,,,,,,,,,,,,,,,,,,,,,,,,
,11월,"2,090,192",-9.0%,"177,888 ",27.7%,"11,991 ",6.0%,,,531 ,91.7%,18 ,157.1%,,,,,397 ,24.8%,,,,,"10,782 ",-6.3%,,,,,,,,,,,,,,,,,,,,,,,,,,
,12월,"2,342,310",-6.1%,"222,233 ",31.5%,"16,414 ",25.0%,,,506 ,156.9%,37 ,105.6%,,,,,462 ,-8.5%,,,,,"12,492 ",0.4%,,,,,,,,,,,,,,,,,,,,,,,,,,
2020년,1월,"2,513,030",-13.7%,"233,958 ",10.6%,"15,115 ",3.3%,,,738 ,142.0%,26 ,-21.2%,,,,,538 ,-31.6%,,,,,"12,038 ",2.2%,,,,,,,,,,,,,,,,,,,,,,,,,,
,2월,"1,046,779",-60.0%,"135,959 ",-17.8%,"10,843 ",-16.5%,,,373 ,97.4%,21 ,-46.2%,,,,,733 ,45.1%,,,,,"11,259 ",5.7%,,,,,,,,,,,,,,,,,,,,,,,,,,
,3월,"143,366",-93.9%,"20,838 ",-85.6%,"3,333 ",-70.1%,,,292 ,-20.2%,1 ,-94.4%,,,,,157 ,-61.0%,,,,,"3,806 ",-65.5%,,,,,,,,,,,,,,,,,,,,,,,,,,
,4월,"31,425",-98.6%,"1,904 ",-98.8%,122 ,-99.3%,,,0 ,-100.0%,0 ,-100.0%,,,,,0 ,-100.0%,,,,,282 ,-97.2%,,,,,,,,,,,,,,,,,,,,,,,,,,
,5월,"37,802",-98.4%,"2,518 ",-98.7%,94 ,-99.7%,,,0 ,-100.0%,0 ,-100.0%,,,,,0 ,-100.0%,,,,,281 ,-97.1%,,,,,,,,,,,,,,,,,,,,,,,,,,
,6월,"48,353",-98.1%,"4,443 ",-97.8%,379 ,-98.8%,,,0 ,-100.0%,0 ,-99.9%,,,,,1 ,-99.6%,,,,,703 ,-91.7%,,,,,,,,,,,,,,,,,,,,,,,,,,
,7월,"65,936",-97.5%,"5,632 ",-97.5%,534 ,-98.7%,,,24 ,-90.4%,1 ,-96.7%,,,,,0 ,-100.0%,,,,,796 ,-91.8%,,,,,,,,,,,,,,,,,,,,,,,,,,
,8월,"88,888",-96.3%,"11,577 ",-94.5%,"1,234 ",-96.0%,,,25 ,-86.6%,1 ,-99.0%,,,,,1 ,-99.7%,,,,,"1,125 ",-85.9%,,,,,,,,,,,,,,,,,,,,,,,,,,
,9월,"76,798",-96.3%,"5,677 ",-97.1%,595 ,-98.2%,,,32 ,-83.6%,0 ,-100.0%,,,,,4 ,-98.7%,,,,,922 ,-88.0%,,,,,,,,,,,,,,,,,,,,,,,,,,
,10월,"71,970",-96.7%,"4,920 ",-97.6%,391 ,-97.9%,,,41 ,-82.0%,0 ,-100.0%,,,,,10 ,-96.9%,,,,,"1,068 ",-89.4%,,,,,,,,,,,,,,,,,,,,,,,,,,
,11월,"70,686",-96.6%,"4,556 ",-97.4%,476 ,-96.0%,,,126 ,-76.3%,17 ,-5.6%,,,,,24 ,-94.0%,,,,,"1,459 ",-86.5%,,,,,,,,,,,,,,,,,,,,,,,,,,
,12월,"80,973",-96.5%,"7,304 ",-96.7%,743 ,-95.5%,,,126 ,-75.1%,4 ,-89.2%,,,,,38 ,-91.8%,,,,,"1,774 ",-85.8%,,,,,,,,,,,,,,,,,,,,,,,,,,
2021년,1월,"86,143",-96.6%,"10,321 ",-95.6%,773 ,-94.9%,,,92 ,-87.5%,0 ,-100.0%,,,,,24 ,-95.5%,,,,,"1,594 ",-86.8%,,,,,,,,,,,,,,,,,,,,,,,,,,
,2월,"68,213",-93.5%,"4,850 ",-96.4%,607 ,-94.4%,,,57 ,-84.7%,1 ,-95.2%,,,,,27 ,-96.3%,,,,,"1,058 ",-90.6%,,,,,,,,,,,,,,,,,,,,,,,,,,
,3월,"73,999",-48.4%,"5,391 ",-74.1%,465 ,-86.0%,,,103 ,-64.7%,0 ,,,,,,45 ,-71.3%,,,,,"1,381 ",-63.7%,,,,,,,,,,,,,,,,,,,,,,,,,,
,4월,"71,302",126.9%,"5,863 ",207.9%,432 ,254.1%,,,158 ,,2 ,,,,,,69 ,,,,,,"1,528 ",441.8%,,,,,,,,,,,,,,,,,,,,,,,,,,
,5월,"75,416",99.5%,"8,769 ",248.3%,450 ,378.7%,,,278 ,,1 ,,,,,,51 ,,,,,,"2,119 ",654.1%,,,,,,,,,,,,,,,,,,,,,,,,,,
,6월,"79,446",64.3%,"12,560 ",182.7%,494 ,30.3%,,,311 ,,3 ,29900.0%,,,,,57 ,5600.0%,,,,,"2,613 ",271.7%,,,,,,,,,,,,,,,,,,,,,,,,,,
,7월,"101,963",54.6%,"16,673 ",196.0%,645 ,20.8%,,,197 ,720.8%,2 ,100.0%,,,,,79 ,,,,,,"2,886 ",262.6%,,,,,,,,,,,,,,,,,,,,,,,,,,
,8월,"137,712",54.9%,"29,212 ",152.3%,"1,229 ",-0.4%,,,562 ,2148.0%,0 ,,,,,,73 ,7200.0%,,,,,"3,262 ",190.0%,,,,,,,,,,,,,,,,,,,,,,,,,,
,9월,"116,615",51.8%,"20,400 ",259.3%,"2,551 ",328.7%,,,278 ,768.8%,3 ,,,,,,91 ,2175.0%,,,,,"2,463 ",167.1%,,,,,,,,,,,,,,,,,,,,,,,,,,
,10월,"124,399",72.8%,"22,182 ",350.9%,"2,184 ",458.6%,,,451 ,1000.0%,3 ,,,,,,61 ,510.0%,,,,,"3,313 ",210.2%,,,,,,,,,,,,,,,,,,,,,,,,,,
,11월,"147,907",109.2%,"33,707 ",639.8%,"2,435 ",411.6%,,,643 ,410.3%,1 ,-94.1%,,,,,132 ,450.0%,,,,,"4,067 ",178.8%,,,,,,,,,,,,,,,,,,,,,,,,,,
,12월,"139,426",72.2%,"32,783 ",348.8%,"3,615 ",386.5%,,,867 ,588.1%,2 ,-50.0%,,,,,149 ,292.1%,,,,,"5,027 ",183.4%,,,,,,,,,,,,,,,,,,,,,,,,,,
2022년,1월,"147,434",71.2%,"31,315 ",203.4%,"1,764 ",128.2%,,,750 ,715.2%,0 ,,,,,,132 ,450.0%,,,,,"3,545 ",122.4%,,,,,,,,,,,,,,,,,,,,,,,,,,
,2월,"112,722",65.3%,"17,577 ",262.4%,"1,388 ",128.7%,,,764 ,1240.4%,2 ,100.0%,,,,,134 ,396.3%,,,,,"2,892 ",173.3%,,,,,,,,,,,,,,,,,,,,,,,,,,
,3월,"145,503",96.6%,"24,887 ",361.6%,"1,890 ",306.5%,,,838 ,713.6%,6 ,,,,,,164 ,264.4%,,,,,"3,829 ",177.3%,,,,,,,,,,,,,,,,,,,,,,,,,,
,4월,"215,246",201.9%,"43,721 ",645.7%,"3,199 ",640.5%,,,872 ,451.9%,2 ,0.0%,,,,,231 ,234.8%,,,,,"4,922 ",222.1%,,,,,,,,,,,,,,,,,,,,,,,,,,
,5월,"315,945",318.9%,"70,641 ",705.6%,"6,208 ",1279.6%,,,836 ,200.7%,13 ,1200.0%,,,,,199 ,290.2%,,,,,"5,269 ",148.7%,,,,,,,,,,,,,,,,,,,,,,,,,,
,6월,"412,798",419.6%,"86,165 ",586.0%,"8,893 ",1700.2%,,,852 ,174.0%,6 ,100.0%,,,,,145 ,154.4%,,,,,"4,447 ",70.2%,,,,,,,,,,,,,,,,,,,,,,,,,,
,7월,"674,022",561.0%,"114,841 ",588.8%,"13,897 ",2054.6%,,,845 ,328.9%,17 ,750.0%,,,,,261 ,230.4%,,,,,"5,333 ",84.8%,,,,,,,,,,,,,,,,,,,,,,,,,,
,8월,"702,153",409.9%,"111,670 ",282.3%,"9,925 ",707.6%,,,903 ,60.7%,2 ,,,,,,245 ,235.6%,,,,,"5,221 ",60.1%,,,,,,,,,,,,,,,,,,,,,,,,,,
,9월,"619,954",431.6%,"98,431 ",382.5%,"9,306 ",264.8%,,,492 ,77.0%,18 ,500.0%,,,,,222 ,144.0%,,,,,"4,747 ",92.7%,,,,,,,,,,,,,,,,,,,,,,,,,,
,10월,"773,480",521.8%,"105,200 ",374.3%,"7,928 ",263.0%,,,575 ,27.5%,16 ,433.3%,,,,,220 ,260.7%,,,,,"5,827 ",75.9%,,,,,,,,,,,,,,,,,,,,,,,,,,
,11월,"1,041,431",604.1%,"96,436 ",186.1%,"6,073 ",149.4%,,,"1,035 ",61.0%,11 ,1000.0%,,,,,210 ,59.1%,,,,,"7,008 ",72.3%,,,,,,,,,,,,,,,,,,,,,,,,,,
,12월,"1,393,343",899.3%,"118,912 ",262.7%,"7,855 ",117.3%,,,"1,218 ",40.5%,6 ,200.0%,,,,,299 ,100.7%,,,,,"8,568 ",70.4%,,,,,,,,,,,,,,,,,,,,,,,,,,
2023년,1월,"1,782,313",1108.9%,"141,825 ",352.9%,"7,519 ",326.2%,,,"1,707 ",127.6%,23 ,,,,,,302 ,128.8%,,,,,"7,614 ",114.8%,,,,,,,,,,,,,,,,,,,,,,,,,,
,2월,"1,724,880",1430.2%,"116,425 ",562.4%,"6,047 ",335.7%,,,"1,154 ",51.0%,13 ,550.0%,,,,,286 ,113.4%,,,,,"6,308 ",118.1%,,,,,,,,,,,,,,,,,,,,,,,,,,
,3월,"1,472,193",911.8%,"106,087 ",326.3%,"5,458 ",188.8%,,,"1,114 ",32.9%,10 ,66.7%,,,,,285 ,73.8%,,,,,"6,983 ",82.4%,,,,,,,,,,,,,,,,,,,,,,,,,,
,4월,"1,497,105",595.5%,"118,631 ",171.3%,"7,185 ",124.6%,,,"1,038 ",19.1%,12 ,500.0%,,,,,285 ,23.4%,,,,,"7,218 ",46.6%,,,,,,,,,,,,,,,,,,,,,,,,,,
,5월,"1,683,022",432.7%,"130,494 ",84.7%,"13,692 ",120.6%,,,937 ,12.1%,50 ,284.6%,,,,,243 ,22.1%,,,,,"7,333 ",39.2%,,,,,,,,,,,,,,,,,,,,,,,,,,
,6월,"1,771,962",329.3%,"108,675 ",26.1%,"17,320 ",94.8%,,,972 ,14.1%,24 ,300.0%,,,,,212 ,46.2%,,,,,"6,707 ",50.8%,,,,,,,,,,,,,,,,,,,,,,,,,,
,7월,"2,153,857",219.6%,"152,145 ",32.5%,"22,609 ",62.7%,,,"1,211 ",43.3%,27 ,58.8%,,,,,239 ,-8.4%,,,,,"8,037 ",50.7%,,,,,,,,,,,,,,,,,,,,,,,,,,
,8월,"2,093,236",198.1%,"147,255 ",31.9%,"15,376 ",54.9%,,,945 ,4.7%,7 ,250.0%,,,,,201 ,-18.0%,,,,,"7,790 ",49.2%,,,,,,,,,,,,,,,,,,,,,,,,,,
,9월,"2,017,157",225.4%,"157,457 ",60.0%,"18,735 ",101.3%,,,603 ,22.6%,21 ,16.7%,,,,,219 ,-1.4%,,,,,"7,498 ",58.0%,,,,,,,,,,,,,,,,,,,,,,,,,,
,10월,"2,042,703",164.1%,"149,647 ",42.3%,"15,006 ",89.3%,,,800 ,39.1%,16 ,0.0%,,,,,231 ,5.0%,,,,,"8,333 ",43.0%,,,,,,,,,,,,,,,,,,,,,,,,,,
,11월,"2,061,646",98.0%,"121,468 ",26.0%,"6,952 ",14.5%,,,"1,189 ",14.9%,64 ,481.8%,,,,,320 ,52.4%,,,,,"10,426 ",48.8%,,,,,,,,,,,,,,,,,,,,,,,,,,
,12월,"2,415,767",73.4%,"150,291 ",26.4%,"9,336 ",18.9%,,,"1,522 ",25.0%,30 ,400.0%,,,,,363 ,21.4%,,,,,"12,808 ",49.5%,,,,,,,,,,,,,,,,,,,,,,,,,,
2024년,1월,"2,770,866",55.5%,"174,731 ",23.2%,"8,665 ",15.2%,,,"2,186 ",28.1%,39 ,69.6%,,,,,380 ,25.8%,,,,,"10,184 ",33.8%,,,,,,,,,,,,,,,,,,,,,,,,,,
,2월,"2,512,109",45.6%,"140,979 ",21.1%,"8,130 ",34.4%,,,"1,711 ",48.3%,14 ,7.7%,,,,,293 ,2.4%,,,,,"8,652 ",37.2%,,,,,,,,,,,,,,,,,,,,,,,,,,
,3월,"2,141,992",45.5%,"116,638 ",9.9%,"6,216 ",13.9%,,,"1,215 ",9.1%,34 ,240.0%,,,,,410 ,43.9%,,,,,"9,936 ",42.3%,,,,,,,,,,,,,,,,,,,,,,,,,,
,4월,"2,110,954",41.0%,"122,460 ",3.2%,"8,948 ",24.5%,,,"1,026 ",-1.2%,6 ,-50.0%,,,,,244 ,-14.4%,,,,,"8,491 ",17.6%,,,,,,,,,,,,,,,,,,,,,,,,,,
,5월,"2,268,310",34.8%,"145,933 ",11.8%,"16,833 ",22.9%,,,"1,019 ",8.7%,37 ,-26.0%,,,,,240 ,-1.2%,,,,,"8,194 ",11.7%,,,,,,,,,,,,,,,,,,,,,,,,,,
,6월,"2,219,151",25.2%,"136,202 ",25.3%,"19,730 ",13.9%,,,942 ,-3.1%,28 ,16.7%,,,,,249 ,17.5%,,,,,"7,532 ",12.3%,,,,,,,,,,,,,,,,,,,,,,,,,,
,7월,"2,501,969",16.2%,"159,834 ",5.1%,"23,468 ",3.8%,,,"1,124 ",-7.2%,33 ,22.2%,,,,,223 ,-6.7%,,,,,"7,589 ",-5.6%,,,,,,,,,,,,,,,,,,,,,,,,,,
,8월,"2,359,550",12.7%,"146,857 ",-0.3%,"17,538 ",14.1%,,,"1,052 ",11.3%,10 ,42.9%,,,,,175 ,-12.9%,,,,,"8,977 ",15.2%,,,,,,,,,,,,,,,,,,,,,,,,,,
,9월,"2,311,792",14.6%,"157,222 ",-0.1%,"19,962 ",6.5%,,,525 ,-12.9%,10 ,-52.4%,,,,,181 ,-17.4%,,,,,"7,797 ",4.0%,,,,,,,,,,,,,,,,,,,,,,,,,,
,10월,"2,382,464",16.6%,"143,016 ",-4.4%,"17,182 ",14.5%,,,760 ,-5.0%,12 ,-25.0%,,,,,171 ,-26.0%,,,,,"8,690 ",4.3%,,,,,,,,,,,,,,,,,,,,,,,,,,
,11월,"2,391,140",16.0%,"115,022 ",-5.3%,"8,355 ",20.2%,,,"1,252 ",5.3%,27 ,-57.8%,,,,,402 ,25.6%,,,,,"11,288 ",8.3%,,,,,,,,,,,,,,,,,,,,,,,,,,
,12월,"2,716,138",12.4%,"141,229 ",-6.0%,"10,567 ",13.2%,,,"1,405 ",-7.7%,20 ,-33.3%,,,,,378 ,4.1%,,,,,"13,471 ",5.2%,,,,,,,,,,,,,,,,,,,,,,,,,,
2025년,1월,"2,972,916",7.3%,"159,744 ",-8.6%,"11,032 ",27.3%,,,"2,042 ",-6.6%,29 ,-25.6%,,,,,350 ,-7.9%,,,,,"11,143 ",9.4%,,,,,,,,,,,,,,,,,,,,,,,,,,
,2월,"2,625,634",4.5%,"118,199 ",-16.2%,"7,237 ",-11.0%,,,"1,412 ",-17.5%,13 ,-7.1%,,,,,322 ,9.9%,,,,,"9,426 ",8.9%,,,,,,,,,,,,,,,,,,,,,,,,,,
,3월,"2,197,971",2.6%,"99,701 ",-14.5%,"6,068 ",-2.4%,,,"1,301 ",7.1%,18 ,-47.1%,,,,,339 ,-17.3%,,,,,"9,855 ",-0.8%,,,,,,,,,,,,,,,,,,,,,,,,,,
,4월,"2,149,577",1.8%,"113,926 ",-7.0%,"9,112 ",1.8%,,,892 ,-13.1%,15 ,150.0%,,,,,238 ,-2.5%,,,,,"9,060 ",6.7%,,,,,,,,,,,,,,,,,,,,,,,,,,
,5월,"2,391,130",5.4%,"129,729 ",-11.1%,"17,684 ",5.1%,,,847 ,-16.9%,25 ,-32.4%,,,,,264 ,10.0%,,,,,"8,055 ",-1.7%,,,,,,,,,,,,,,,,,,,,,,,,,,
,6월,"2,226,396",0.3%,"121,656 ",-10.7%,"19,735 ",0.0%,,,909 ,-3.5%,22 ,-21.4%,,,,,264 ,6.0%,,,,,"7,558 ",0.3%,,,,,,,,,,,,,,,,,,,,,,,,,,
,7월,"2,435,291",-2.7%,"158,539 ",-0.8%,"30,087 ",28.2%,,,"1,152 ",2.5%,20 ,-39.4%,,,,,274 ,22.9%,,,,,"8,643 ",13.9%,,,,,,,,,,,,,,,,,,,,,,,,,,
,8월,"2,422,218",2.7%,"150,428 ",2.4%,"21,069 ",20.1%,,,"1,021 ",-2.9%,,,,,,,180 ,2.9%,,,,,"8,463 ",-5.7%,,,,,,,,,,,,,,,,,,,,,,,,,,
,9월,"2,235,874",-3.3%,,,,,,,455 ,-13.3%,,,,,,,173 ,-4.4%,,,,,,,,,,,,,,,,,,,,,,,,,,,,,,,,
,10월,,,,,,,,,,,,,,,,,,,,,,,,,,,,,,,,,,,,,,,,,,,,,,,,,,
,11월,,,,,,,,,,,,,,,,,,,,,,,,,,,,,,,,,,,,,,,,,,,,,,,,,,
,12월,,,,,,,,,,,,,,,,,,,,,,,,,,,,,,,,,,,,,,,,,,,,,,,,,,
2000년,누계,"5,508,242 ",26.9%,,,,,,,197 ,,,,,,"2,707 ",,"2,059 ",,,,"3,880 ",,,,,,,,,,,,,,,,,,,,,,,,,,,,,
2001년,누계,"6,084,476 ",10.5%,,,,,,,381 ,93.4%,227 ,,,,"2,761 ",2.0%,"2,117 ",2.8%,,,"3,298 ",-15.0%,,,,,,,,,,,,,,,,,,,,,,,,,,,,
2002년,누계,"7,123,407 ",17.1%,,,,,,,518 ,36.0%,219 ,-3.5%,,,"2,765 ",0.1%,"2,417 ",14.2%,,,"4,612 ",39.8%,,,,,,,,,,,,,,,,,,,,,,,,,,,,
2003년,누계,"7,086,133 ",-0.5%,"617,573 ",,,,"19,498 ",,822 ,58.7%,179 ,-18.3%,,,"4,291 ",55.2%,"2,471 ",2.2%,,,"5,029 ",9.0%,,,,,,,,,,,,,,,,,,,,,,,,,,,,
2004년,누계,"8,825,585 ",24.5%,"626,595 ",1.5%,"190,982 ",,"21,353 ",9.5%,739 ,-10.1%,213 ,19.0%,,,"6,181 ",44.0%,"2,444 ",-1.1%,,,100 ,-98.0%,,,"1,099 ",,,,,,,,,,,,,,,,,,,,,,,,,
2005년,누계,"10,080,143 ",14.2%,"705,093 ",12.5%,"191,319 ",0.2%,"24,315 ",13.9%,968 ,31.0%,182 ,-14.6%,,,"5,951 ",-3.7%,"3,238 ",32.5%,,,434 ,334.0%,"26,219 ",,924 ,-15.9%,,,,,,,,,,,,,,,,,,,,,,,,
2006년,누계,"11,609,879 ",15.2%,"757,721 ",7.5%,"201,814 ",5.5%,"30,359 ",24.9%,"1,436 ",48.3%,178 ,-2.2%,"10,302 ",,"7,333 ",23.2%,"2,703 ",-16.5%,,,255 ,-41.2%,"31,778 ",21.2%,"1,286 ",39.2%,,,,,,,,,,,,,,,,,,,,,,,,
2007년,누계,"13,324,977 ",14.8%,"806,175 ",6.4%,"212,601 ",5.3%,"39,749 ",30.9%,"2,318 ",61.4%,238 ,33.7%,"12,019 ",16.7%,"7,750 ",5.7%,"2,966 ",9.7%,,,"8,878 ",3381.6%,"37,435 ",17.8%,"2,513 ",95.4%,,,,,,,,,,,,,,,,,,,,,,,,
2008년,누계,"11,996,094 ",-10.0%,"759,394 ",-5.8%,"196,564 ",-7.5%,"42,365 ",6.6%,"2,049 ",-11.6%,211 ,-11.3%,"10,373 ",-13.7%,"7,856 ",1.4%,"2,697 ",-9.1%,,,"9,840 ",10.8%,"35,696 ",-4.6%,663 ,-73.6%,,,,,,,,,,,,,,,,,,,,,,,,
2009년,누계,"9,494,111 ",-20.9%,"743,846 ",-2.0%,"144,141 ",-26.7%,"24,140 ",-43.0%,"2,005 ",-2.1%,291 ,37.9%,"9,361 ",-9.8%,"6,582 ",-16.2%,"2,724 ",1.0%,,,"7,824 ",-20.5%,"26,178 ",-26.7%,"1,688 ",154.6%,,,,,,,,,,,,,,,,,,,,,,,,
2010년,누계,"12,488,364 ",31.5%,"1,107,518 ",48.9%,"169,953 ",17.9%,"30,859 ",27.8%,"2,468 ",23.1%,375 ,28.9%,"8,810 ",-5.9%,"6,541 ",-0.6%,"2,770 ",1.7%,,,"10,157 ",29.8%,"34,965 ",33.6%,"2,044 ",21.1%,,,,,,,,,,,,,,,,,,,,,,,,
2011년,누계,"12,693,733 ",1.6%,"1,211,197 ",9.4%,"155,683 ",-8.4%,"44,630 ",44.6%,"2,427 ",-1.7%,477 ,27.2%,"9,288 ",5.4%,"9,808 ",49.9%,"3,311 ",19.5%,"3,486 ",,"12,059 ",18.7%,"40,303 ",15.3%,"2,621 ",28.2%,,,,,,,,,,,,,,,,,,,,,,,,
2012년,누계,"13,736,976 ",8.2%,"1,295,069 ",6.9%,"150,611 ",-3.3%,"49,989 ",12.0%,"2,313 ",-4.7%,350 ,-26.6%,"8,257 ",-11.1%,"11,030 ",12.5%,"3,435 ",3.7%,"4,511 ",29.4%,"13,318 ",10.4%,"47,615 ",18.1%,"2,818 ",7.5%,,,,,,,,,,,,,,,,,,,,,,,,
2013년,누계,"14,846,485 ",8.1%,"1,437,924 ",11.0%,"158,523 ",5.3%,"44,339 ",-11.3%,"2,566 ",10.9%,369 ,5.4%,"8,182 ",-0.9%,"10,796 ",-2.1%,"3,478 ",1.3%,"3,780 ",-16.2%,"14,000 ",5.1%,"59,249 ",24.4%,"3,064 ",8.7%,,,,,,,,,,,,,,,,,,,,,,,,
2014년,누계,"16,080,684 ",8.3%,"1,473,365 ",2.5%,"183,770 ",15.9%,"45,522 ",2.7%,"1,860 ",-27.5%,425 ,15.2%,"9,850 ",20.4%,"12,631 ",17.0%,"3,922 ",12.8%,"3,880 ",2.6%,"17,265 ",23.3%,"75,090 ",26.7%,"3,834 ",25.1%,,,,,,,,,,,,,,,,,,,,,,,,
2015년,누계,"19,310,430 ",20.1%,"1,775,456 ",20.5%,"204,741 ",11.4%,"50,725 ",11.4%,"1,811 ",-2.6%,426 ,0.2%,"8,140 ",-17.4%,"16,379 ",29.7%,"4,167 ",6.2%,"5,100 ",31.4%,"23,094 ",33.8%,"95,454 ",27.1%,"5,042 ",31.5%,,,,,,,,,,,,,,,,,,,,,,,,
2016년,누계,"22,383,190 ",15.9%,"1,982,516 ",11.7%,"254,759 ",24.4%,"50,312 ",-0.8%,"2,423 ",33.8%,370 ,-13.1%,0 ,-100.0%,"16,323 ",-0.3%,"4,342 ",4.2%,"4,455 ",-12.6%,"21,347 ",-7.6%,"92,193 ",-3.4%,"5,053 ",0.2%,,,,,,,,,,,,,,,,,,,,,,,,
2017년,누계,"26,433,815 ",18.1%,"2,334,839 ",17.8%,"301,476 ",18.3%,"42,997 ",-14.5%,"2,689 ",11.0%,390 ,5.4%,0 ,,"20,410 ",25.0%,"5,191 ",19.6%,"5,825 ",30.8%,"29,323 ",37.4%,"106,718 ",15.8%,"5,606 ",10.9%,,,,,,,,,,,,,,,,,,,,,,,,
2018년,누계,"28,695,983 ",8.6%,"2,210,597 ",-5.3%,"253,236 ",-16.0%,"33,845 ",-21.3%,"2,865 ",6.5%,308 ,-21.0%,0 ,,"22,994 ",12.7%,"4,879 ",-6.0%,"6,180 ",6.1%,"32,133 ",9.6%,"122,307 ",14.6%,"5,367 ",-4.3%,,,,,,,,,,,,,,,,,,,,,,,,
2019년,누계,"28,714,247 ",0.1%,"2,298,279 ",4.0%,"266,767 ",5.3%,"39,321 ",16.2%,"3,544 ",23.7%,407 ,32.1%,0 ,,"19,975 ",-13.1%,"4,933 ",1.1%,,,0 ,,"120,424 ",-1.5%,0 ,,,,,,,,,,,,,,,,,,,,,,,,,
2020년,누계,"4,276,006 ",-85.1%,"439,286 ",-80.9%,"33,859 ",-87.3%,0 ,,"1,777 ",-49.9%,71 ,-82.5%,0 ,,0 ,,"1,506 ",-69.5%,0 ,,0 ,,"35,513 ",-70.5%,0 ,,,,,,,,,,,,,,,,,,,,,,,,,
2021년,누계,"1,222,541 ",-71.4%,"202,711 ",-53.9%,"15,880 ",-53.1%,0 ,,"3,997 ",124.9%,18 ,-74.7%,0 ,,0 ,,858 ,-43.0%,0 ,,0 ,,"31,311 ",-11.8%,0 ,,,,,,,,,,,,,,,,,,,,,,,,,
2022년,누계,"6,554,031 ",436.1%,"919,796 ",353.7%,"78,326 ",393.2%,0 ,,"9,980 ",149.7%,99 ,450.0%,0 ,,0 ,,"2,462 ",186.9%,0 ,,0 ,,"61,608 ",96.8%,0 ,,,,,,,,,,,,,,,,,,,,,,,,,
2023년,누계,"22,715,841 ",246.6%,"1,600,400 ",74.0%,"145,235 ",85.4%,0 ,,"13,192 ",32.2%,297 ,200.0%,0 ,,0 ,,"3,186 ",29.4%,0 ,,0 ,,"97,055 ",57.5%,,,,,,,,,,,,,,,,,,,,,,,,,,
2024년,누계,"28,686,435 ",26.3%,"1,700,123 ",6.2%,"165,594 ",14.0%,0 ,,"14,217 ",7.8%,270 ,-9.1%,0 ,,0 ,,"3,346 ",5.0%,0 ,,0 ,,"110,801 ",14.2%,,,,,,,,,,,,,,,,,,,,,,,,,,
2025년,누계,"21,657,007 ",2.2%,"1,051,922 ",-8.0%,"122,024 ",11.4%,0 ,,"10,031 ",-7.1%,142 ,-25.7%,0 ,,0 ,,"2,404 ",0.4%,0 ,,0 ,,"72,203 ",3.8%,,,,,,,,,,,,,,,,,,,,,,,,,,
,,,,,,,,,,,,,,,,,,,,,,,,,,,,,,,,,,,,,,,,,,,,,,,,,,,
,,,,,,,,,,,,,,,,,,,,,,,,,,,,,,,,,,,,,,,,,,,,,,,,,,,
