국민 해외관광객(아시아),,,,,,,,,,,,,,,,,,,,,,,,,,,,,,,,,,,,* Republic of the Union of Myanmar,,,,,,,,,,,,,,,,,
,,법무부・KTO,,일본,Japan,중국,China,베트남,Vietnam,태국,Thailand,필리핀,Philippines,홍콩,Hong Kong,대만,Taiwan,마카오,Macau,싱가포르,Singapore,말레이시아,Malaysia,인도네시아,Indonesia,캄보디아,Cambodia,라오스,Laos,튀르키예,Turkiye,인도,India,몽골,Mongolia,미얀마,Myanmar,이스라엘,Israel,몰디브,Maldives,스리랑카,Sri Lanka,사이프러스,Cyprus,부탄,Bhutan,요르단,Jordan,네팔,Nepal,예멘,Yemen
,,명수,전년대비,명수,전년대비,명수,전년대비,명수,전년대비,명수,전년대비, 명수 ,전년대비,명수,전년대비,명수,전년대비,명수,전년대비,명수,전년대비,명수,전년대비,명수,전년대비, 명수 ,전년대비,명수,전년대비,명수,전년대비,명수,전년대비,명수,전년대비,명수,전년대비,명수,전년대비,명수,전년대비,명수,전년대비,명수,전년대비,명수,전년대비,명수,전년대비,명수,전년대비,명수,전년대비
2004년,1월,"793,478 ",,"164,785 ",,"186,246 ",,,,"102,299 ",," 37,526 ",,"37,006 ",,"12,193 ",,"5,677 ",,"30,255 ",,"5,892 ",,,,,,,,,," 47,835 ",34.4%,"26,602 ",55.0%,,," 2,562 ",,,,,,,,,,,,1972,,,
,2월,"670,447 ",,"142,718 ",,"215,373 ",,,,"59,455 ",," 32,196 ",,"37,513 ",,"13,916 ",,"3,770 ",,"29,835 ",,"6,901 ",,,,,,,,,,,,,,,," 2,234 ",,,,,,,,,,,," 1,665 ",,,
,3월,"587,629 ",,"112,516 ",,"190,382 ",,,,"47,499 ",," 25,858 ",,"37,622 ",,"12,077 ",,"3,098 ",,"25,853 ",,"3,394 ",,,,,,,,,,,,,,,," 1,710 ",,,,,,,,,,,, 698 ,,,
,4월,"642,413 ",,"120,427 ",,"223,062 ",,,,"58,876 ",," 26,749 ",,"44,722 ",,"12,802 ",,"4,163 ",,"26,713 ",,"3,278 ",,,,,,,,,,,,,,,," 1,464 ",,,,,,,,,,,, 432 ,,,
,5월,"680,185 ",,"115,659 ",,"202,592 ",,,,"71,516 ",," 29,353 ",,"38,076 ", ,"11,188 ",,"3,729 ",,"31,482 ",,"6,121 ",,,,,,,,,,,,,,,," 1,175 ",,,,,,,,,,,, 360 ,,,
,6월,"712,260 ",,"116,269 ",,"227,553 ",,,,"70,418 ",," 27,389 ",,"41,469 ",,"12,724 ",,"4,082 ",,"29,912 ",,"7,470 ",,,,,,,,,,,,,,,," 1,297 ",,,,,,,,,,,, 271 ,,,
,7월,"897,234 ",,"160,770 ",,"284,034 ",,,,"74,736 ",," 31,148 ",,"49,663 ",,"11,197 ",,"5,738 ",,"35,568 ",,"6,631 ",,,,,,,,,,,,,,,," 1,269 ",,,,,,,,,,,, 805 ,,,
,8월,"930,573 ",,"170,182 ",,"334,568 ",,,,"89,965 ",," 35,341 ",,"52,703 ",,"11,628 ",,"7,230 ",,"38,602 ",,"9,456 ",,,,,,,,,,,,,,,," 2,952 ",,,,,,,,,,,," 1,121 ",,,
,9월,"682,244 ",,"113,083 ",,"239,549 ",,,,"65,546 ",," 26,187 ",,"44,670 ",,"11,686 ",,"6,322 ",,"25,956 ",,"11,996 ",,,,,,,,,,,,,,,, 846 ,,,,,,,,,,,, 595 ,,,
,10월,"757,538 ",,"122,877 ",,"272,800 ",,,,"77,567 ",," 29,445 ",,"48,786 ",,"11,811 ",,"6,688 ",,"26,936 ",,"10,403 ",,,,,,,,,,,,,,,," 1,427 ",,,,,,,,,,,, 785 ,,,
,11월,"745,887 ",,"128,369 ",,"243,734 ",,,,"103,051 ",," 39,294 ",,"55,822 ",,"13,879 ",,"7,453 ",,"31,623 ",,"8,982 ",,,,,,,,,,,,,,,, 838 ,,,,,,,,,,,, 863 ,,,
,12월,"725,697 ",,"120,817 ",,"225,000 ",,,,"89,963 ",," 38,116 ",,"51,138 ",,"12,994 ",,"7,681 ",,"28,344 ",,"10,746 ",,,,,,,,,,,,,,,, 729 ,,,,,,,,,,,," 1,260 ",,,
2005년,1월,"897,406 ",13.1%,"174,775 ",6.1%,"301,458 ",61.9%,"25,326 ",,"52,732 ",-48.5%," 45,130 ",20.3%,"53,643 ",45.0%,"19,213 ",57.6%,"12,988 ",128.8%,"20,386 ",-32.6%,"11,461 ",94.5%,"15,726 ",-48.7%,,,,,,," 49,895 ",4.3%," 30,787 ",15.7%,,," 3,280 ",28.0%,,,,,0 ,,,," 8,706 ",,"2,369 ",20.1%,,
,2월,"745,998 ",11.3%,"148,946 ",4.4%,"263,822 ",22.5%,"26,261 ",,"54,819 ",-7.8%," 35,883 ",11.5%,"46,151 ",23.0%,"15,695 ",12.8%,"9,682 ",156.8%,"24,531 ",-17.8%,"12,450 ",80.4%,"19,555 ",-12.5%,,,,,,,,,,,,," 3,249 ",45.4%,,,,,0 ,,,,,,670 ,-59.8%,,
,3월,"707,058 ",20.3%,"130,963 ",16.4%,"258,586 ",35.8%,"23,513 ",,"51,889 ",9.2%," 32,478 ",25.6%,"42,506 ",13.0%,"13,555 ",12.2%,"7,067 ",128.1%,"23,476 ",-9.2%,"11,963 ",252.5%,"17,323 ",-6.4%,,,,,,,,,,,,," 1,595 ",-6.7%,,,,, 11 ,,,,,,605 ,-13.3%,,
,4월,"762,096 ",18.6%,"122,084 ",1.4%,"292,795 ",31.3%,"25,928 ",,"47,738 ",-18.9%," 34,180 ",27.8%,"51,457 ",15.1%,"14,924 ",16.6%,"8,225 ",97.6%,"28,923 ",8.3%,"10,926 ",233.3%,"20,772 ",15.3%,,,,,,,,,,,,," 1,852 ",26.5%,,,,, 20 ,,,,,,406 ,-6.0%,,
,5월,"802,497 ",18.0%,"114,151 ",-1.3%,"303,391 ",49.8%,"24,274 ",,"62,025 ",-13.3%," 37,510 ",27.8%,"50,832 ",33.5%,"16,167 ",44.5%,"9,092 ",143.8%,"28,927 ",-8.1%,"12,026 ",96.5%,"22,945 ",4.8%,,,,,,,,,,,,," 1,719 ",46.3%,,,,,0 ,,,,,,347 ,-3.6%,,
,6월,"865,693 ",21.5%,"133,177 ",14.5%,"305,043 ",34.1%,"28,188 ",,"76,232 ",8.3%," 39,800 ",45.3%,"57,555 ",38.8%,"16,919 ",33.0%,"9,246 ",126.5%,"32,366 ",8.2%,"10,620 ",42.2%,"21,648 ",18.7%,,,,,,,,,,,,," 2,445 ",88.5%,,,,,0 ,,,,,,340 ,25.5%,,
,7월,"1,020,757 ",13.8%,"170,420 ",6.0%,"336,050 ",18.3%,"25,624 ",,"82,743 ",10.7%," 47,265 ",51.7%,"57,983 ",16.8%,"14,237 ",27.2%,"10,235 ",78.4%,"42,961 ",20.8%,"16,227 ",144.7%,"30,276 ",50.0%,,,,,,,,,,,,," 1,693 ",33.4%,,,,,0 ,,,,,,637 ,-20.9%,,
,8월,"1,070,289 ",15.0%,"193,279 ",13.6%,"393,475 ",17.6%,"32,408 ",,"88,053 ",-2.1%," 46,366 ",31.2%,"61,937 ",17.5%,"16,092 ",38.4%,"11,708 ",61.9%,"42,791 ",10.9%,"18,067 ",91.1%,"27,500 ",20.1%,,,,,,,,,,,,," 4,394 ",48.8%,,,,,0 ,,,,,,"1,003 ",-10.5%,,
,9월,"785,549 ",15.1%,"130,269 ",15.2%,"284,540 ",18.8%,"22,975 ",,"58,794 ",-10.3%," 30,481 ",16.4%,"52,034 ",16.5%,"12,056 ",3.2%,"7,553 ",19.5%,"25,572 ",-1.5%,"14,425 ",20.2%,"20,840 ",68.5%,,,,,,,,,,,,," 1,071 ",26.6%,,,,,0 ,,,,,,565 ,-5.0%,,
,10월,"848,088 ",12.0%,"146,650 ",19.3%,"314,111 ",15.1%,"27,588 ",,"75,330 ",-2.9%," 42,044 ",42.8%,"57,183 ",17.2%,"14,055 ",19.0%,"9,594 ",43.5%,"30,060 ",11.6%,"11,202 ",7.7%,"18,038 ",13.9%,,,,,,,,,,,,," 1,838 ",28.8%,,,,,0 ,,,,,,813 ,3.6%,,
,11월,"784,031 ",5.1%,"140,442 ",9.4%,"255,440 ",4.8%,"27,656 ",,"81,795 ",-20.6%," 47,685 ",21.4%,"53,115 ",-4.8%,"15,199 ",9.5%,"10,870 ",45.8%,"31,277 ",-1.1%,"14,208 ",58.2%,"30,936 ",62.3%,,,,,,,,,,,,, 907 ,8.2%,,,,, 20 ,,,,,,985 ,14.1%,,
,12월,"790,681 ",9.0%,"142,015 ",17.5%,"234,074 ",4.0%,"27,472 ",,"84,351 ",-6.2%," 50,643 ",32.9%,"58,084 ",13.6%,"14,405 ",10.9%,"14,479 ",88.5%,"32,803 ",15.7%,"14,602 ",35.9%,"17,797 ",-33.0%,,,,,,,,,,,,," 1,845 ",153.1%,,,,,0 ,,,,,,"1,560 ",23.8%,,
2006년,1월,"985,287 ",9.8%,"192,590 ",10.2%,"268,689 ",-10.9%,"38,758 ",53.0%,"118,919 ",125.5%," 58,583 ",29.8%,"60,723 ",13.2%,"20,001 ",4.1%,"18,451 ",42.1%,"40,604 ",99.2%,"15,051 ",31.3%,"23,988 ",52.5%,,,,,,," 22,601 ",54.6%," 55,523 ",80.3%,"1,316 ",,"3,615 ",10.2%,,,660 ,,0 ,-,,,"11,824 ",35.8%,"2,936 ",23.9%,,
,2월,"944,596 ",26.6%,"174,239 ",17.0%,"322,009 ",22.1%,"42,231 ",60.8%,"113,858 ",107.7%," 47,678 ",32.9%,"59,013 ",27.9%,"18,518 ",18.0%,"18,200 ",88.0%,"40,835 ",66.5%,"17,705 ",42.2%,"23,621 ",20.8%,,,,,,,,,,,"1,127 ",,"5,782 ",78.0%,,,451 ,,0 ,-,,,,,"1,483 ",121.3%,,
,3월,"823,918 ",16.5%,"149,071 ",13.8%,"270,025 ",4.4%,"40,629 ",72.8%,"91,948 ",77.2%," 38,507 ",18.6%,"53,903 ",26.8%,"15,970 ",17.8%,"12,279 ",73.8%,"36,144 ",54.0%,"15,529 ",29.8%,"22,605 ",30.5%,,,,,,,,,,,"1,115 ",,"3,560 ",123.2%,,,482 ,,0 ,-100.0%,,,,,763 ,26.1%,,
,4월,"855,083 ",12.2%,"162,657 ",33.2%,"296,361 ",1.2%,"33,282 ",28.4%,"76,343 ",59.9%," 39,115 ",14.4%,"55,107 ",7.1%,"13,682 ",-8.3%,"10,509 ",27.8%,"31,780 ",9.9%,"14,233 ",30.3%,"23,086 ",11.1%,,,,,,," 10,772 ",30.1%,,,684 ,,"2,660 ",43.6%,,,322 ,,0 ,-100.0%,,,,,397 ,-2.2%,,
,5월,"906,482 ",13.0%,"161,080 ",41.1%,"318,514 ",5.0%,"27,155 ",11.9%,"79,708 ",28.5%," 41,376 ",10.3%,"52,803 ",3.9%,"14,007 ",-13.4%,"10,705 ",17.7%,"34,236 ",18.4%,"12,685 ",5.5%,"24,454 ",6.6%,,,,,,,,,,,"1,106 ",,"2,172 ",26.4%,,,375 ,,9 ,-,,,,,419 ,20.7%,,
,6월,"915,942 ",5.8%,"153,706 ",15.4%,"309,209 ",1.4%,"25,839 ",-8.3%,"77,669 ",1.9%," 42,158 ",5.9%,"52,135 ",-9.4%,"16,478 ",-2.6%,"10,482 ",13.4%,"36,327 ",12.2%,"13,686 ",28.9%,"22,741 ",5.0%,,,,,,,,,,,"2,143 ",,"1,823 ",-25.4%,,,361 ,,13 ,-,,,,,345 ,1.5%,,
,7월,"1,098,740 ",7.6%,"197,622 ",16.0%,"363,925 ",8.3%,"28,534 ",11.4%,"89,563 ",8.2%," 53,891 ",14.0%,"60,239 ",3.9%,"14,462 ",1.6%,"13,314 ",30.1%,"45,685 ",6.3%,"15,781 ",-2.7%,"23,438 ",-22.6%,,,,,,," 16,827 ",33.3%,,,"2,857 ",,"1,704 ",0.6%,,,581 ,,0 ,-,,,,,750 ,17.7%,,
,8월,"1,159,874 ",8.4%,"220,332 ",14.0%,"407,126 ",3.5%,"37,756 ",16.5%,"96,122 ",9.2%," 47,251 ",1.9%,"67,950 ",9.7%,"16,598 ",3.1%,"15,697 ",34.1%,"44,846 ",4.8%,"18,751 ",3.8%,"25,713 ",-6.5%,,,,,,,,,,,"3,096 ",,974 ,-77.8%,,,637 ,,0 ,-,,,,,649 ,-35.3%,,
,9월,"931,946 ",18.6%,"156,451 ",20.1%,"334,169 ",17.4%,"32,012 ",39.3%,"68,166 ",15.9%," 37,921 ",24.4%,"51,784 ",-0.5%,"13,004 ",7.9%,"9,321 ",23.4%,"29,315 ",14.6%,"14,846 ",2.9%,"22,375 ",7.4%,,,,,,,,,,,872 ,,"1,068 ",-0.3%,,,411 ,,16 ,-,,,,,629 ,11.3%,,
,10월,"984,649 ",16.1%,"187,601 ",27.9%,"371,216 ",18.2%,"32,746 ",18.7%,"77,956 ",3.5%," 46,359 ",10.3%,"61,428 ",7.4%,"16,737 ",19.1%,"11,394 ",18.8%,"35,025 ",16.5%,"14,249 ",27.2%,"24,307 ",34.8%,,,,,,," 20,207 ",41.1%,,,"1,174 ",,"1,781 ",-3.1%,,,232 ,,0 ,-,,,,,"1,077 ",32.5%,,
,11월,"987,488 ",26.0%,"177,298 ",26.2%,"333,138 ",30.4%,"39,434 ",42.6%,"100,890 ",23.3%," 58,438 ",22.6%,"64,470 ",21.4%,"17,763 ",16.9%,"13,406 ",23.3%,"43,791 ",40.0%,"19,820 ",39.5%,"32,861 ",6.2%,,,,,,,,,,,"1,396 ",,"1,682 ",85.4%,,,441 ,,10 ,-50.0%,,,,,"1,486 ",50.9%,,
,12월,"1,015,874",28.5%,"184,678 ",30.0%,"327,636 ",40.0%,"43,428 ",58.1%,"101,641 ",20.5%," 60,856 ",20.2%,"79,203 ",36.4%,"19,040 ",32.2%,"18,951 ",30.9%,"36,134 ",10.2%,"17,128 ",17.3%,"29,039 ",63.2%,,,,,,,,,,,"1,379 ",,"1,214 ",-34.2%,,,345 ,,0 ,-,,,,,"1,983 ",27.1%,,
2007년,1월,"1,281,530 ",30.1%,"240,350 ",24.8%,"410,312 ",52.7%,"48,442 ",25.0%,"126,492 ",6.4%," 70,733 ",20.7%,"79,438 ",30.8%,"24,548 ",22.7%,"25,627 ",38.9%,"46,756 ",15.2%,"27,254 ",81.1%,"33,501 ",39.7%," 47,808 ",,,,,," 27,236 ",20.5%," 43,930 ",-20.9%,"2,405 ",82.8%,"4,910 ",35.8%,,,759 ,15.0%,0 ,-,,,"12,811 ",8.3%,"4,873 ",66.0%,178 ,
,2월,"982,591 ",4.0%,"202,365 ",16.1%,"349,648 ",8.6%,"44,722 ",5.9%,"86,443 ",-24.1%," 49,579 ",4.0%,"64,272 ",8.9%,"18,583 ",0.4%,"16,886 ",-7.2%,"31,464 ",-22.9%,"19,973 ",12.8%,"22,552 ",-4.5%," 34,676 ",,,,,,,,,,"1,348 ",19.6%,"4,526 ",-21.7%,,,396 ,-12.2%,0 ,-,,,,,"2,112 ",42.4%,115 ,
,3월,"1,046,055 ",27.0%,"188,721 ",26.6%,"392,147 ",45.2%,"49,367 ",21.5%,"96,387 ",4.8%," 51,404 ",33.5%,"64,220 ",19.1%,"20,390 ",27.7%,"14,218 ",15.8%,"42,071 ",16.4%,"19,756 ",27.2%,"26,946 ",19.2%," 38,827 ",,,,,,,,,,"1,541 ",38.2%,"3,730 ",4.8%,,,289 ,-40.0%,16 ,-,,,,,"1,531 ",100.7%,105 ,
,4월,"989,018 ",15.7%,"190,558 ",17.2%,"372,435 ",25.7%,"45,000 ",35.2%,"76,757 ",0.5%," 41,378 ",5.8%,"59,216 ",7.5%,"16,312 ",19.2%,"13,901 ",32.3%,"32,219 ",1.4%,"16,230 ",14.0%,"24,052 ",4.2%," 28,858 ",,,,,," 14,548 ",35.1%,,,961 ,40.5%,"3,669 ",37.9%,,,306 ,-5.0%,15 ,-,,,,,816 ,105.5%,65 ,
,5월,"1,107,498 ",22.2%,"211,355 ",31.2%,"418,467 ",31.4%,"35,698 ",31.5%,"82,439 ",3.4%," 50,686 ",22.5%,"65,183 ",23.4%,"17,487 ",24.8%,"15,983 ",49.3%,"34,408 ",0.5%,"13,222 ",4.2%,"29,589 ",21.0%," 24,837 ",,,,,,,,,,917 ,-17.1%,"2,630 ",21.1%,,,246 ,-34.4%,30 ,233.3%,,,,,722 ,72.3%,151 ,
,6월,"1,064,076 ",16.2%,"190,330 ",23.8%,"390,621 ",26.3%,"40,126 ",55.3%,"77,003 ",-0.9%," 48,538 ",15.1%,"61,598 ",18.2%,"16,673 ",1.2%,"15,325 ",46.2%,"38,027 ",4.7%,"12,814 ",-6.4%,"27,530 ",21.1%," 24,413 ",,,,,,,,,,952 ,-55.6%,"2,677 ",46.8%,,,354 ,-1.9%,17 ,30.8%,,,,,840 ,143.5%,111 ,
,7월,"1,297,398 ",18.1%,"254,234 ",28.6%,"448,600 ",23.3%,"33,045 ",15.8%,"91,551 ",2.2%," 62,692 ",16.3%,"77,832 ",29.2%,"15,946 ",10.3%,"17,714 ",33.0%,"46,123 ",1.0%,"21,377 ",35.5%,"31,048 ",32.5%," 21,962 ",,,,,," 21,146 ",25.7%,,,"1,303 ",-54.4%,"1,951 ",14.5%,,,456 ,-21.5%,19 ,-,,,,,"1,631 ",117.5%,185 ,
,8월,"1,308,664 ",12.8%,"271,377 ",23.2%,"481,518 ",18.3%,"39,469 ",4.5%,"96,102 ",0.0%," 54,640 ",15.6%,"88,813 ",30.7%,"18,648 ",12.4%,"22,680 ",44.5%,"45,910 ",2.4%,"22,118 ",18.0%,"28,685 ",11.6%," 21,741 ",,,,,,,,,,"1,031 ",-66.7%,"2,874 ",195.1%,,,354 ,-44.4%,0 ,-,,,,,"1,365 ",110.3%,37 ,
,9월,"1,015,650 ",9.0%,"201,286 ",28.7%,"361,155 ",8.1%,"37,257 ",16.4%,"70,859 ",4.0%," 43,061 ",13.6%,"66,497 ",28.4%,"17,686 ",36.0%,"17,141 ",83.9%,"30,265 ",3.2%,"14,251 ",-4.0%,"23,566 ",5.3%," 15,211 ",,,,,,,,,,784 ,-10.1%,"1,160 ",8.6%,,,309 ,-24.8%,0 ,-100.0%,,,,,963 ,53.1%,58 ,
,10월,"1,078,092 ",9.5%,"222,737 ",18.7%,"414,382 ",11.6%,"31,305 ",-4.4%,"77,173 ",-1.0%," 49,699 ",7.2%,"67,708 ",10.2%,"15,482 ",-7.5%,"16,824 ",47.7%,"33,383 ",-4.7%,"13,546 ",-4.9%,"28,718 ",18.1%," 20,239 ",,,,,," 21,653 ",7.2%,,,495 ,-57.8%,"2,208 ",24.0%,,,369 ,59.1%,25 ,-,,,,,"1,725 ",60.2%,68 ,
,11월,"1,072,557 ",8.6%,"218,488 ",23.2%,"379,382 ",13.9%,"38,481 ",-2.4%,"96,597 ",-4.3%," 63,988 ",9.5%,"81,131 ",25.8%,"21,100 ",18.8%,"20,476 ",52.7%,"43,965 ",0.4%,"28,343 ",43.0%,"32,219 ",-2.0%," 23,226 ",,,,,,,,,,720 ,-48.4%,"2,344 ",39.4%,,,567 ,28.6%,11 ,10.0%,,,,,"1,763 ",18.6%,49 ,
,12월,"1,081,848 ",6.5%,"208,893 ",13.1%,"358,085 ",9.3%,"43,462 ",0.1%,"105,849 ",4.1%," 66,912 ",10.0%,"100,323 ",26.7%,"22,959 ",20.6%,"28,642 ",51.1%,"39,701 ",9.9%,"15,983 ",-6.7%,"28,840 ",-0.7%," 28,111 ",,,,,,,,,,"1,364 ",-1.1%,"1,157 ",-4.7%,,,465 ,34.8%,0 ,-,,,,,"2,134 ",7.6%,120 ,
2008년,1월,"1,322,909 ",3.2%,"271,583 ",13.0%,"426,625 ",4.0%,"47,209 ",-2.5%,"118,417 ",-6.4%," 69,522 ",-1.7%,"101,818 ",28.2%,"32,781 ",33.5%,"35,580 ",38.8%,"50,432 ",7.9%,"26,216 ",-3.8%,"33,112 ",-1.2%," 36,472 ",-23.7%,,,"14,478 ",," 28,809 ",5.8%," 43,396 ",-1.2%,"2,135 ",-11.2%,"5,692 ",15.9%,,,630 ,-17.0%,0 ,-,97 ,,"14,530 ",13.4%,"4,492 ",-7.8%,117 ,-3.8%
,2월,"1,132,463 ",15.3%,"234,876 ",16.1%,"397,565 ",13.7%,"47,485 ",6.2%,"99,834 ",15.5%," 56,832 ",14.6%,"96,445 ",50.1%,"28,830 ",55.1%,"33,682 ",99.5%,"40,998 ",30.3%,"26,603 ",33.2%,"26,154 ",16.0%," 31,197 ",-10.0%,,,"9,545 ",,,,,,"1,405 ",4.2%,"6,257 ",38.2%,,,402 ,1.5%,0 ,-,,,,,"4,522 ",114.1%,112 ,33.2%
,3월,"983,589 ",-6.0%,"187,474 ",-0.7%,"349,458 ",-11.0%,"46,737 ",-5.3%,"85,840 ",-10.9%," 48,793 ",-5.1%,"72,756 ",13.3%,"21,379 ",4.9%,"22,418 ",36.6%,"39,683 ",-5.7%,"21,760 ",10.1%,"29,470 ",9.4%," 29,867 ",-23.1%,,,"9,440 ",,,,,,"1,381 ",-10.4%,"3,413 ",-8.5%,,,312 ,8.0%,0 ,-100.0%,,,,,"2,929 ",91.3%,126 ,10.1%
,4월,"1,026,750 ",3.8%,"203,812 ",7.0%,"368,551 ",-1.0%,"41,475 ",-7.8%,"76,784 ",0.0%," 45,382 ",9.7%,"69,794 ",17.9%,"21,749 ",33.3%,"19,164 ",0.8%,"33,946 ",5.4%,"21,229 ",30.8%,"23,759 ",-1.2%," 24,810 ",-14.0%,,,"13,006 ",," 15,721 ",8.1%,,,753 ,-21.6%,"4,169 ",13.6%,,,402 ,31.4%,0 ,-100.0%,,,,,"2,111 ",158.7%,32 ,30.8%
,5월,"1,099,977 ",-0.7%,"229,043 ",8.4%,"380,551 ",-9.1%,"38,479 ",7.8%,"78,793 ",-4.4%," 49,476 ",-2.4%,"86,465 ",32.6%,"23,390 ",33.8%,"26,232 ",64.7%,"36,412 ",5.8%,"22,457 ",69.8%,"30,802 ",4.1%," 19,870 ",-20.0%,,,"12,685 ",,,,,,583 ,-36.4%,"3,058 ",16.3%,,,288 ,17.1%,0 ,-100.0%,,,,,"1,780 ",146.5%,68 ,69.8%
,6월,"1,004,715 ",-5.6%,"195,661 ",2.8%,"304,727 ",-22.0%,"24,221 ",-39.6%,"77,235 ",0.3%," 52,711 ",8.6%,"73,435 ",19.2%,"23,551 ",41.3%,"21,424 ",39.8%,"35,998 ",-5.3%,"20,348 ",58.8%,"29,357 ",6.6%," 18,230 ",-25.3%,,,"9,711 ",,,,,,787 ,-17.3%,"1,899 ",-29.1%,,,285 ,-19.5%,0 ,-100.0%,,,,,"1,424 ",69.5%,57 ,-48.6%
,7월,"1,135,843 ",-12.5%,"237,947 ",-6.4%,"327,184 ",-27.1%,"32,443 ",-1.8%,"80,120 ",-12.5%," 57,903 ",-7.6%,"78,498 ",2.9%,"18,241 ",14.4%,"22,828 ",28.9%,"39,614 ",-14.1%,"27,512 ",28.7%,"27,698 ",-10.8%," 19,470 ",-11.3%,,,"11,274 ",," 20,749 ",-1.9%,,,985 ,-24.4%,"1,756 ",-10.0%,,,453 ,-0.7%,0 ,-100.0%,,,,,"2,006 ",23.0%,89 ,-51.9%
,8월,"1,163,809 ",-11.1%,"248,154 ",-8.6%,"341,625 ",-29.1%,"49,786 ",26.1%,"85,350 ",-11.2%," 52,803 ",-3.4%,"88,001 ",-0.9%,"22,508 ",20.7%,"30,415 ",34.1%,"42,338 ",-7.8%,"27,473 ",24.2%,"32,355 ",12.8%," 21,816 ",0.3%,,,"10,524 ",,,,,,"1,093 ",6.0%,"1,974 ",-31.3%,,,339 ,-4.2%,0 ,-,,,,,"1,892 ",38.6%,101 ,173.0%
,9월,"818,747 ",-19.4%,"159,523 ",-20.7%,"273,132 ",-24.4%,"30,417 ",-18.4%,"38,211 ",-46.1%," 36,965 ",-14.2%,"55,338 ",-16.8%,"16,567 ",-6.3%,"16,774 ",-2.1%,"25,914 ",-14.4%,"18,617 ",30.6%,"23,347 ",-0.9%," 14,699 ",-3.4%,,,"7,923 ",,,,,,706 ,-9.9%,"2,483 ",114.1%,,,216 ,-30.1%,0 ,-,,,,,"3,582 ",272.0%,37 ,-36.2%
,10월,"932,716 ",-13.5%,"188,804 ",-15.2%,"334,680 ",-19.2%,"33,898 ",8.3%,"59,713 ",-22.6%," 45,007 ",-9.4%,"66,823 ",2.6%,"17,408 ",12.4%,"19,889 ",18.2%,"30,930 ",-7.3%,"19,257 ",42.2%,"29,941 ",4.3%," 18,457 ",-8.8%,,,"8,990 ",," 14,254 ",-34.2%,,,816 ,64.8%,"3,000 ",35.9%,,,414 ,12.2%,0 ,-100.0%,,,,,"3,488 ",102.2%,95 ,39.7%
,11월,"707,012 ",-34.1%,"117,518 ",-46.2%,"238,319 ",-37.2%,"24,360 ",-36.7%,"54,854 ",-43.2%," 44,441 ",-30.5%,"56,108 ",2.3%,"14,339 ",-32.0%,"15,028 ",-26.6%,"24,445 ",-44.4%,"17,323 ",-38.9%,"26,879 ",-16.6%," 16,553 ",-28.7%,,,"7,033 ",,,,,,853 ,18.5%,"2,700 ",15.2%,,,301 ,-46.9%,0 ,-100.0%,,,,,"3,438 ",95.0%,73 ,49.0%
,12월,"667,564 ",-38.3%,"108,002 ",-48.3%,"217,975 ",-39.1%,"32,727 ",-24.7%,"33,193 ",-68.6%," 51,794 ",-22.6%,"58,839 ",-41.4%,"12,230 ",-46.7%,"16,360 ",-42.9%,"22,308 ",-43.8%,"18,666 ",16.8%,"24,272 ",-15.8%," 15,084 ",-46.3%,,,"4,891 ",,,,,,872 ,-36.1%,"1,200 ",3.7%,,,258 ,-44.5%,0 ,-,,,,,"3,502 ",64.1%,146 ,21.7%
2009년,1월,"812,901 ",-38.6%,"129,756 ",-52.2%,"238,000 ",-44.2%,"30,934 ",-34.5%,"56,484 ",-52.3%," 54,753 ",-21.2%,"58,451 ",-42.6%,"15,977 ",-51.3%,"18,489 ",-48.0%,"25,516 ",-49.4%,"23,690 ",-9.6%,"17,339 ",-47.6%," 22,524 ",-38.2%,"2,222 ",,"5,730 ",-60.4%," 17,128 ",-40.5%," 38,272 ",-11.8%,"1,190 ",-44.3%,"1,500 ",-73.6%,523 ,,376 ,-40.3%,0 ,-,49 ,-49.5%,"9,119 ",-37.2%,"2,063 ",-54.1%,,
,2월,"753,642 ",-33.5%,"106,929 ",-54.5%,"277,900 ",-30.1%,"39,271 ",-17.3%,"57,782 ",-42.1%," 42,091 ",-25.9%,"54,222 ",-43.8%,"16,836 ",-41.6%,"15,849 ",-52.9%,"27,387 ",-33.2%,"19,693 ",-26.0%,"24,258 ",-7.2%," 22,045 ",-29.3%,"1,433 ",,"4,819 ",-49.5%,,,,,"1,093 ",-22.2%,"1,800 ",-71.2%,768 ,,290 ,-27.9%,0 ,-,,,,,"1,705 ",-62.3%,,
,3월,"702,043 ",-28.6%,"108,350 ",-42.2%,"242,700 ",-30.5%,"32,572 ",-30.3%,"49,867 ",-41.9%," 38,116 ",-21.9%,"44,204 ",-39.2%,"14,684 ",-31.3%,"13,482 ",-39.9%,"20,759 ",-47.7%,"16,471 ",-24.3%,"20,387 ",-30.8%," 19,370 ",-35.1%,"1,394 ",,"6,063 ",-35.8%,,,,,909 ,-34.2%,"2,300 ",-32.6%,978 ,,429 ,37.5%,0 ,-,,,,,"1,153 ",-60.6%,,
,4월,"734,681 ",-28.4%,"113,313 ",-44.4%,"264,300 ",-28.3%,"31,285 ",-24.6%,"45,094 ",-41.3%," 39,083 ",-13.9%,"50,589 ",-27.5%,"13,558 ",-37.7%,"16,279 ",-15.1%,"21,323 ",-37.2%,"18,122 ",-14.6%,"21,651 ",-8.9%," 16,744 ",-32.5%,974 ,,"7,718 ",-40.7%," 13,604 ",-13.5%,,,739 ,-1.9%,"1,600 ",-61.6%,"1,264 ",,134 ,-66.7%,25 ,-,,,,,"1,361 ",-35.5%,,
,5월,"737,396 ",-33.0%,"117,897 ",-48.5%,"269,000 ",-29.3%,"37,659 ",-2.1%,"42,883 ",-45.6%," 40,392 ",-18.4%,"48,796 ",-43.6%,"14,395 ",-38.5%,"17,414 ",-33.6%,"21,854 ",-40.0%,"17,520 ",-22.0%,"20,851 ",-32.3%," 13,269 ",-33.2%,"1,036 ",,"7,080 ",-44.2%,,,,,756 ,29.7%,"1,200 ",-60.8%,"1,985 ",,252 ,-12.5%,0 ,-,,,,,668 ,-62.5%,,
,6월,"731,137 ",-27.2%,"104,237 ",-46.7%,"245,800 ",-19.3%,"24,956 ",3.0%,"42,813 ",-44.6%," 38,065 ",-27.8%,"42,923 ",-41.5%,"13,629 ",-42.1%,"13,704 ",-36.0%,"20,991 ",-41.7%,"16,934 ",-16.8%,"22,183 ",-24.4%," 12,393 ",-32.0%,941 ,,"7,658 ",-21.1%,,,,,905 ,15.0%,"1,900 ",0.1%,"1,417 ",,231 ,-18.9%,35 ,-,,,,,"1,075 ",-24.5%,,
,7월,"996,695 ",-12.3%,"170,240 ",-28.5%,"312,000 ",-4.6%,"23,906 ",-26.3%,"58,970 ",-26.4%," 49,083 ",-15.2%,"59,359 ",-24.4%,"14,573 ",-20.1%,"20,400 ",-10.6%,"30,389 ",-23.3%,"22,297 ",-19.0%,"26,714 ",-3.6%," 17,384 ",-10.7%,"2,340 ",,"10,706 ",-5.0%," 20,229 ",-2.5%,,,"1,186 ",20.4%,"1,800 ",2.5%,763 ,,488 ,7.7%,0 ,-,,,,,"1,506 ",-24.9%,,
,8월,"1,041,527 ",-10.5%,"190,987 ",-23.0%,"351,500 ",2.9%,"36,386 ",-26.9%,"64,965 ",-23.9%," 47,185 ",-10.6%,"66,398 ",-24.5%,"14,265 ",-36.6%,"25,727 ",-15.4%,"32,332 ",-23.6%,"23,305 ",-15.2%,"25,550 ",-21.0%," 18,170 ",-16.7%,"1,574 ",,"10,350 ",-1.7%,,,,,"1,236 ",13.1%,"1,700 ",-13.9%,878 ,,380 ,12.1%,0 ,-,,,,,"1,360 ",-28.1%,,
,9월,"658,487 ",-19.6%,"105,470 ",-33.9%,"233,600 ",-14.5%,"25,389 ",-16.5%,"28,467 ",-25.5%," 25,114 ",-32.1%,"36,080 ",-34.8%,"11,974 ",-27.7%,"11,891 ",-29.1%,"15,714 ",-39.4%,"13,743 ",-26.2%,"14,100 ",-39.6%," 15,156 ",3.1%,"1,096 ",,"7,155 ",-9.7%,,,,,946 ,34.0%,"2,300 ",-7.4%,"1,442 ",,218 ,0.9%,0 ,-,,,,,848 ,-76.3%,,
,10월,"714,880 ",-23.4%,"131,195 ",-30.5%,"255,700 ",-23.6%,"15,109 ",-55.4%,"38,512 ",-35.5%," 26,649 ",-40.8%,"42,211 ",-36.8%,"11,224 ",-35.5%,"13,724 ",-31.0%,"16,069 ",-48.0%,"14,228 ",-26.1%,"20,661 ",-31.0%," 10,274 ",-44.3%,"1,315 ",,"7,727 ",-14.0%," 19,524 ",37.0%,,,960 ,17.6%,"1,900 ",-36.7%,"2,032 ",,372 ,-10.1%,0 ,-,,,,,"1,367 ",-60.8%,,
,11월,"721,940 ",2.1%,"130,371 ",10.9%,"236,700 ",-0.7%,"29,917 ",22.8%,"52,109 ",-5.0%," 40,780 ",-8.2%,"48,428 ",-13.7%,"12,993 ",-9.4%,"15,144 ",0.8%,"19,620 ",-19.7%,"20,816 ",20.2%,"20,200 ",-24.8%," 12,086 ",-27.0%,"1,513 ",,"6,168 ",-12.3%,,,,,"1,462 ",71.4%,"1,600 ",-40.7%,"2,673 ",,292 ,-3.0%,0 ,-,,,,,"1,441 ",-58.1%,,
,12월,"888,782 ",33.1%,"178,027 ",64.8%,"270,300 ",24.0%,"34,731 ",6.1%,"80,281 ",141.9%," 56,625 ",9.3%,"67,033 ",13.9%,"16,538 ",35.2%,"22,664 ",38.5%,"20,033 ",-10.2%,"20,493 ",9.8%,"21,654 ",-10.8%,"18,310 ",21.4%,"2,038 ",,"7,974 ",63.0%,,,,,"1,126 ",29.1%,"1,300 ",8.3%,"1,403 ",,233 ,-9.7%,0 ,-,,,,,"1,598 ",-54.4%,,
2010년,1월,"1,118,261 ",37.6%,"232,053 ",78.8%,"315,200 ",32.4%,"43,041 ",39.1%,"92,186 ",63.2%," 71,906 ",31.3%,"82,126 ",40.5%,"18,616 ",16.5%,"30,302 ",63.9%,"39,437 ",54.6%,"28,250 ",19.2%,"27,663 ",69.5%," 84,062 ",31.5%,"3,228 ",45.3%,"10,095 ",76.2%," 29,536 ",72.4%," 1,599 ",-60.5%,"1,951 ",63.9%,"5,800 ",286.7%,"1,128 ",115.7%,591 ,57.2%,0 ,-,182 ,271.4%,"13,479 ",47.8%,"3,461 ",67.8%,,
,2월,"908,103 ",20.5%,"197,784 ",85.0%,"283,400 ",2.0%,"44,284 ",12.8%,"74,089 ",28.2%," 50,756 ",20.6%,"72,873 ",34.4%,"18,500 ",9.9%,"27,608 ",74.2%,"29,589 ",8.0%,"23,966 ",21.7%,"20,562 ",-14.8%,,,"1,871 ",30.6%,"7,650 ",58.7%,,,,,"1,063 ",-2.7%,"4,100 ",127.8%,772 ,0.5%,441 ,52.1%,0 ,-,,,,,"1,823 ",6.9%,,
,3월,"950,185 ",35.3%,"169,295 ",56.2%,"334,500 ",37.8%,"45,722 ",40.4%,"75,386 ",51.2%," 52,060 ",36.6%,"70,336 ",59.1%,"19,079 ",29.9%,"25,243 ",87.2%,"30,113 ",45.1%,"18,975 ",15.2%,"22,649 ",18.4%,,,"2,020 ",44.9%,"9,768 ",61.1%,,,,,"1,560 ",71.6%,"4,000 ",73.9%,"1,442 ",47.4%,360 ,-16.1%,50 ,-,,,,,"1,846 ",60.1%,,
,4월,"935,904 ",27.4%,"189,582 ",67.3%,"336,500 ",27.3%,"43,152 ",37.9%,"51,901 ",15.1%," 48,128 ",23.1%,"65,361 ",29.2%,"16,266 ",20.0%,"25,268 ",55.2%,"24,785 ",16.2%,"20,040 ",10.6%,"20,049 ",-1.8%," 41,393 ",37.9%,"1,962 ",101.4%,"12,184 ",57.9%," 21,411 ",57.4%," 13,521 ",,"1,175 ",59.0%,"4,300 ",168.8%,"2,194 ",73.6%,246 ,83.6%,0 ,-100.0%,,,,,"1,324 ",-2.7%,,
,5월,"1,023,815 ",38.8%,"201,484 ",70.9%,"351,200 ",30.6%,"40,716 ",8.1%,"44,447 ",3.6%," 56,566 ",40.0%,"70,554 ",44.6%,"19,943 ",38.5%,"25,341 ",45.5%,"32,161 ",47.2%,"20,047 ",14.4%,"24,041 ",21.7%,,,"1,615 ",55.9%,"12,320 ",74.0%,,,,,"1,367 ",80.8%,"2,800 ",133.3%,"4,942 ",149.0%,247 ,-2.0%,0 ,-,,,,,648 ,-3.0%,,
,6월,"997,597 ",36.4%,"179,088 ",71.8%,"341,000 ",38.7%,"35,448 ",42.0%,"44,454 ",3.8%," 54,201 ",42.4%,"58,162 ",35.5%,"17,450 ",28.0%,"21,332 ",55.7%,"30,033 ",43.1%,"19,788 ",16.9%,"24,066 ",17.6%," 65,326 ",36.2%,"1,912 ",103.2%,"10,195 ",33.1%,,,,,"1,379 ",52.4%,"3,000 ",57.9%,"1,517 ",7.1%,303 ,31.2%,0 ,-100.0%,,,,,678 ,-36.9%,,
,7월,"1,223,723 ",22.8%,"236,092 ",38.7%,"387,100 ",24.1%,"36,827 ",54.0%,"63,314 ",7.4%," 72,731 ",48.2%,"76,011 ",28.1%,"17,590 ",20.7%,"28,590 ",40.1%,"32,673 ",7.5%,"30,500 ",36.8%,"26,961 ",10.6%,,,"2,822 ",20.6%,"12,250 ",14.4%," 23,992 ",18.6%," 21,658 ",#DIV/0!,"1,714 ",44.5%,"3,100 ",72.2%,969 ,27.0%,443 ,-9.2%,16 ,-,,,,,"1,442 ",-4.2%,,
,8월,"1,235,742 ",18.6%,"246,882 ",29.3%,"416,300 ",18.4%,"42,328 ",16.3%,"69,738 ",7.3%," 68,047 ",44.2%,"90,091 ",35.7%,"20,390 ",42.9%,"36,071 ",40.2%,"34,169 ",5.7%,"27,108 ",16.3%,"27,256 ",15.1%,,,"2,935 ",86.5%,"11,252 ",8.7%,,,,,"1,724 ",39.5%,"1,900 ",11.8%,943 ,7.4%,456 ,20.0%,0 ,-,,,,,"1,500 ",10.3%,,
,9월,"1,013,123 ",53.9%,"193,975 ",83.9%,"324,900 ",39.1%,"33,861 ",33.4%,"59,148 ",107.8%," 57,618 ",129.4%,"74,638 ",106.9%,"18,258 ",52.5%,"29,475 ",147.9%,"25,665 ",63.3%,"17,292 ",25.8%,"18,955 ",44.8%," 16,631 ",9.7%,"2,179 ",98.8%,"10,073 ",40.8%,,,,,"1,281 ",35.4%,"2,400 ",4.3%,"1,243 ",-13.8%,233 ,6.9%,77 ,-,,,,,"2,318 ",173.3%,,
,10월,"1,055,581 ",47.7%,"193,829 ",47.7%,"372,900 ",45.8%,"39,197 ",159.4%,"71,717 ",86.2%," 59,991 ",125.1%,"66,466 ",57.5%,"17,953 ",60.0%,"21,931 ",59.8%,"29,009 ",80.4%,"14,943 ",5.0%,"25,020 ",27.8%," 82,290 ",102.3%,"2,158 ",64.1%,"11,386 ",47.4%," 20,647 ",5.8%," 5,453 ",#DIV/0!,"1,655 ",72.4%,"3,200 ",68.4%,"4,102 ",101.9%,224 ,-39.8%,0 ,-,,,,,"1,932 ",41.3%,,
,11월,"1,004,902 ",39.2%,"197,244 ",51.3%,"318,600 ",34.6%,"45,797 ",116.8%,"77,298 ",48.3%," 67,393 ",65.3%,"74,845 ",54.5%,"20,535 ",58.0%,"26,832 ",77.2%,"27,814 ",41.8%,"22,000 ",5.7%,"23,019 ",17.4%,,,"2,305 ",52.3%,"8,678 ",40.7%,,,,,"1,952 ",33.5%,"2,300 ",43.8%,"3,898 ",45.8%,458 ,56.8%,0 ,-,,,,,"1,966 ",36.4%,,
,12월,"1,021,428 ",14.9%,"202,508 ",13.7%,"294,800 ",9.1%,"45,529 ",99.4%,"81,767 ",1.9%,"81,225 ",43.4%,"89,561 ",33.6%,"19,360 ",17.1%,"33,775 ",49.0%,"25,255 ",26.1%,"21,143 ",3.2%,"21,544 ",6.1%,,,"2,305 ",13.1%,"7,464 ",-6.4%,,,,,"2,109 ",87.3%,"1,400 ",7.7%,"1,658 ",18.2%,424 ,82.0%,0 ,-,,,,,"1,382 ",-13.5%,,
2011년,1월,"1,268,007 ",13.4%,"268,368 ",15.6%,"323,200 ",2.5%,"51,794 ",20.3%,"116,450 ",26.3%,"92,249 ",28.3%,"102,546 ",24.9%,"24,700 ",32.7%,"42,127 ",39.0%,"41,070 ",4.1%,"27,995 ",-0.9%,"27,432 ",-0.7%," 198,780 ",96.0%,"4,254 ",31.8%,"13,131 ",30.1%," 30,322 ",2.7%," 5,161 ",222.8%,"2,608 ",33.7%,"6,200 ",6.9%,"1,154 ",2.3%,727 ,23.0%,0 ,-,407 ,123.6%,"17,859 ",32.5%,"4,204 ",21.5%,316 ,
,2월,"1,091,628 ",20.2%,"231,640 ",17.1%,"320,800 ",13.2%,"50,718 ",14.5%,"96,958 ",30.9%," 73,619 ",45.0%,"90,597 ",24.3%,"23,558 ",27.3%,"39,332 ",42.5%,"36,810 ",24.4%,"18,144 ",-24.3%,"24,731 ",20.3%,,,"3,209 ",71.5%,"9,548 ",24.8%,,,,,"1,847 ",73.8%,"4,100 ",0.0%,"1,147 ",48.6%,405 ,-8.2%,24 ,-,,,,,"2,717 ",49.0%,,
,3월,"868,694 ",-8.6%,"89,121 ",-47.4%,"308,800 ",-7.7%,"41,462 ",-9.3%,"75,395 ",0.0%," 62,530 ",20.1%,"66,392 ",-5.6%,"19,781 ",3.7%,"24,971 ",-1.1%,"29,619 ",-1.6%,"16,505 ",-13.0%,"22,637 ",-0.1%,,,"2,305 ",14.1%,"11,317 ",15.9%,,,,,"2,035 ",30.4%,"2,300 ",-42.5%,"1,257 ",-12.8%,471 ,30.8%,0 ,-100.0%,,,,,"2,014 ",9.1%,,
,4월,"867,487 ",-7.3%,"63,790 ",-66.4%,"348,800 ",3.7%,"43,817 ",1.5%,"69,858 ",34.6%," 57,620 ",19.7%,"74,392 ",13.8%,"18,906 ",16.2%,"25,865 ",2.4%,"28,004 ",13.0%,"15,795 ",-21.2%,"22,239 ",10.9%,,,"2,198 ",12.0%,"13,025 ",6.9%," 25,322 ",18.3%," 11,039 ",-18.4%,"1,213 ",3.2%,"1,600 ",-62.8%,"1,863 ",-15.1%,315 ,28.0%,26 ,-,,,,,"1,742 ",31.6%,,
,5월,"1,014,409 ",-0.9%,"84,014 ",-58.3%,"384,900 ",9.6%,"38,488 ",-5.5%,"79,706 ",79.3%," 67,289 ",19.0%,"83,827 ",18.8%,"20,590 ",3.2%,"31,975 ",26.2%,"33,736 ",4.9%,"19,599 ",-2.2%,"24,317 ",1.1%,,,"2,024 ",25.3%,"15,305 ",24.2%,,,,,"1,551 ",13.5%,"2,300 ",-17.9%,"3,031 ",-38.7%,328 ,32.8%,58 ,-,,,,,"1,082 ",67.0%,,
,6월,"1,053,658 ",5.6%,"103,817 ",-42.0%,"377,900 ",10.8%,"39,407 ",11.2%,"76,993 ",73.2%," 76,262 ",40.7%,"79,869 ",37.3%,"20,474 ",17.3%,"31,114 ",45.9%,"34,233 ",14.0%,"19,086 ",-3.5%,"25,475 ",5.9%,,,"2,585 ",35.2%,"13,678 ",34.2%,,,,,"1,759 ",27.6%,"2,100 ",-30.0%,"1,869 ",23.2%,369 ,21.8%,0 ,-,,,,,973 ,43.5%,,
,7월,"1,241,629 ",1.5%,"140,053 ",-40.7%,"395,400 ",2.1%,"38,948 ",5.8%,"95,806 ",51.3%," 93,899 ",29.1%,"89,604 ",17.9%,"17,910 ",1.8%,"35,337 ",23.6%,"40,587 ",24.2%,"29,200 ",-4.3%,"28,607 ",6.1%,,,"3,541 ",25.5%,"15,702 ",28.2%," 24,562 ",2.4%," 21,983 ",1.5%,"1,973 ",15.1%,"2,500 ",-19.4%,"1,204 ",24.3%,707 ,59.6%,70 ,337.5%,,,,,"1,681 ",16.6%,,
,8월,"1,247,222 ",0.9%,"147,030 ",-40.4%,"420,300 ",1.0%,"52,072 ",23.0%,"112,238 ",60.9%," 91,750 ",34.8%,"104,831 ",16.4%,"21,707 ",6.5%,"45,132 ",25.1%,"44,364 ",29.8%,"29,048 ",7.2%,"26,461 ",-2.9%," 28,765 ",,"3,418 ",16.5%,"14,420 ",28.2%,,,,,"1,827 ",6.0%,"2,200 ",15.8%,"1,051 ",11.5%,462 ,1.3%,87 ,-,,,,,"1,785 ",19.0%,,
,9월,"1,013,507 ",0.0%,"122,436 ",-36.9%,"336,100 ",3.4%,"23,449 ",-30.7%,"74,198 ",25.4%," 71,683 ",24.4%,"72,652 ",-2.7%,"18,067 ",-1.0%,"26,677 ",-9.5%,"30,112 ",17.3%,"18,150 ",5.0%,"21,590 ",13.9%," 19,836 ",19.3%,"2,341 ",7.4%,"12,891 ",28.0%,,,,,"1,487 ",16.1%,"2,300 ",-4.2%,"1,893 ",52.3%,281 ,20.6%,25 ,-67.5%,,,,,"1,325 ",-42.8%,,
,10월,"1,032,589 ",-2.2%,"132,259 ",-31.8%,"368,300 ",-1.2%,"47,888 ",22.2%,"74,602 ",4.0%," 69,962 ",16.6%,"76,859 ",15.6%,"18,063 ",0.6%,"27,391 ",24.9%,"33,594 ",15.8%,"20,263 ",35.6%,"25,507 ",1.9%," 26,237 ",16.0%,"2,751 ",27.5%,"13,845 ",21.6%," 28,474 ",37.9%," 5,811 ",6.6%,"1,718 ",3.8%,"2,300 ",-28.1%,"4,451 ",8.5%,547 ,144.2%,0 ,-,,,,,"2,476 ",28.2%,,
,11월,"974,255 ",-3.0%,"134,009 ",-32.1%,"307,500 ",-3.5%,"54,729 ",19.5%,"61,784 ",-20.1%," 82,248 ",22.0%,"81,146 ",8.4%,"21,187 ",3.2%,"30,381 ",13.2%,"33,145 ",19.2%,"24,269 ",10.3%,"28,643 ",24.4%," 31,304 ",,"2,640 ",14.5%,"8,273 ",-4.7%,,,,,"2,148 ",10.0%,"2,500 ",8.7%,"3,919 ",0.5%,473 ,3.3%,0 ,-,,,,,"2,472 ",25.7%,,
,12월,"1,020,648 ",-0.1%,"141,536 ",-30.1%,"293,400 ",-0.5%,"52,928 ",16.3%,"72,295 ",-11.6%," 86,093 ",6.0%,"98,281 ",9.7%,"21,206 ",9.5%,"38,505 ",14.0%,"29,605 ",17.2%,"25,374 ",20.0%,"24,545 ",13.9%," 37,888 ",,"3,450 ",49.7%,"8,808 ",18.0%,,,,,"2,358 ",11.8%,"1,400 ",0.0%,"2,446 ",47.5%,400 ,-5.7%,0 ,-,,,,,"2,017 ",45.9%,,
2012년,1월,"1,200,782 ",-5.3%,"173,000 ",-35.5%,"297,800 ",-7.9%,"60,624 ",17.0%,"100,202 ",-14.0%,"102,166 ",10.8%,"110,448 ",7.7%,"25,856 ",4.7%,"46,176 ",9.6%,"45,933 ",11.8%,"29,740 ",6.2%,"29,758 ",8.5%,"256,315 ",28.9%,"53,829 ",55.1%,"12,578 ",-4.2%," 109,469 ",0.7%," 5,078 ",-1.6%,"3,853 ",47.7%,"4,200 ",-32.3%,930 ,-19.4%,897 ,23.4%,0 ,-,630 ,54.8%,"18,225 ",2.0%,"4,220 ",0.4%,241 ,-23.7%
,2월,"1,150,334 ",5.4%,"169,025 ",-27.0%,"336,000 ",4.7%,"81,220 ",60.1%,"102,945 ",6.2%," 89,758 ",21.9%,"110,751 ",22.2%,"23,630 ",0.3%,"45,441 ",15.5%,"45,397 ",23.3%,"27,922 ",53.9%,"30,175 ",22.0%,,,,,"10,718 ",12.3%,,,,,"2,639 ",42.9%,"5,500 ",34.1%,"1,600 ",39.5%,645 ,59.3%,0 ,-100.0%,,,,,"3,074 ",13.1%,,
,3월,"1,018,952 ",17.3%,"150,291 ",68.6%,"320,400 ",3.8%,"64,484 ",55.5%,"89,463 ",18.7%," 73,107 ",16.9%,"82,981 ",25.0%,"21,928 ",10.9%,"33,965 ",36.0%,"34,077 ",15.1%,"19,315 ",17.0%,"23,263 ",2.8%,,,,,"11,971 ",5.8%,,,,,"2,310 ",13.5%,"3,400 ",47.8%,"1,799 ",43.1%,645 ,36.9%,0 ,-,,,,,"2,836 ",40.8%,,
,4월,"1,018,645 ",17.4%,"152,323 ",138.8%,"340,900 ",-2.3%,"68,272 ",55.8%,"78,638 ",12.6%," 65,312 ",13.3%,"73,401 ",-1.3%,"20,188 ",6.8%,"28,119 ",8.7%,"31,252 ",11.6%,"18,116 ",14.7%,"23,085 ",3.8%,,,,,"14,514 ",11.4%,,," 10,288 ",-6.8%,"1,867 ",53.9%,"2,900 ",81.3%,"2,225 ",19.4%,421 ,33.7%,0 ,-100.0%,,,,,"1,681 ",-3.5%,,
,5월,"1,096,950 ",8.1%,"157,141 ",87.0%,"368,700 ",-4.2%,"48,409 ",25.8%,"73,476 ",-7.8%," 66,827 ",-0.7%,"78,574 ",-6.3%,"20,724 ",0.7%,"31,292 ",-2.1%,"33,018 ",-2.1%,"19,899 ",1.5%,"25,106 ",3.2%,,,,,"15,768 ",3.0%,,,,,"1,986 ",28.0%,"2,800 ",21.7%,"1,742 ",-42.5%,493 ,50.3%,0 ,-100.0%,,,,,771 ,-28.7%,,
,6월,"1,109,273 ",5.3%,"152,131 ",46.5%,"347,200 ",-8.1%,"46,923 ",19.1%,"89,031 ",15.6%," 77,515 ",1.6%,"75,664 ",-5.3%,"20,119 ",-1.7%,"29,792 ",-4.2%,"34,394 ",0.5%,"23,261 ",21.9%,"23,272 ",-8.6%,,,,,"13,343 ",-2.4%,,,,,"2,300 ",30.8%,"2,300 ",9.5%,"2,358 ",26.2%,433 ,17.3%,0 ,-,,,,,"1,485 ",52.6%,,
,7월,"1,305,418 ",5.1%,"189,701 ",35.4%,"369,300 ",-6.6%,"51,075 ",31.1%,"104,928 ",9.5%," 103,377 ",10.1%,"88,247 ",-1.5%,"19,210 ",7.3%,"36,030 ",2.0%,"42,524 ",4.8%,"32,326 ",10.7%,"28,279 ",-1.1%,,,,,"15,958 ",1.6%,,," 23,012 ",4.7%,"2,851 ",44.5%,"1,900 ",-24.0%,"1,518 ",26.1%,897 ,26.9%,81 ,15.7%,,,,,"1,873 ",11.4%,,
,8월,"1,334,651 ",7.0%,"201,764 ",37.2%,"403,400 ",-4.0%,"59,255 ",13.8%,"120,549 ",7.4%," 101,061 ",10.1%,"109,102 ",4.1%,"21,750 ",0.2%,"48,035 ",6.4%,"47,383 ",6.8%,"27,402 ",-5.7%,"24,224 ",-8.5%," 30,895 ",7.4%,,,"14,729 ",2.1%,,,,,"2,612 ",43.0%,"1,800 ",-18.2%,"1,197 ",13.9%,708 ,53.2%,0 ,-100.0%,,,,,"1,601 ",-10.3%,,
,9월,"1,059,709 ",4.6%,"145,742 ",19.0%,"319,200 ",-5.0%,"46,208 ",97.1%,"84,266 ",13.6%," 73,795 ",2.9%,"76,876 ",5.8%,"19,521 ",8.0%,"32,585 ",22.1%,"31,247 ",3.8%,"22,380 ",23.3%,"22,339 ",3.5%," 19,340 ",-2.5%,,,"12,380 ",-4.0%,,,,,"2,755 ",85.3%,"1,700 ",-26.1%,"2,292 ",21.1%,404 ,43.8%,0 ,-100.0%,,,,,"1,317 ",-0.6%,,
,10월,"1,154,742 ",11.8%,"168,150 ",27.1%,"372,200 ",1.1%,"49,695 ",3.8%,"97,324 ",30.5%," 79,519 ",13.7%,"83,248 ",8.3%,"21,233 ",17.5%,"34,502 ",26.0%,"34,713 ",3.3%,"18,270 ",-9.8%,"24,686 ",-3.2%," 31,132 ",18.7%,,,"14,038 ",1.4%,,," 5,982 ",2.9%,"3,414 ",98.7%,"2,300 ",0.0%,"3,044 ",-31.6%,499 ,-8.8%,0 ,-,,,,,"2,077 ",-16.1%,,
,11월,"1,117,550 ",14.7%,"183,557 ",37.0%,"313,500 ",2.0%,"59,774 ",9.2%,"109,837 ",77.8%," 89,656 ",9.0%,"86,841 ",7.0%,"23,395 ",10.4%,"34,686 ",14.2%,"34,014 ",2.6%,"22,469 ",-7.4%,"25,392 ",-11.4%," 30,259 ",-3.3%,,,"11,903 ",43.9%,,,,,"3,922 ",82.6%,"2,100 ",-16.0%,"2,819 ",-28.1%,871 ,84.1%,0 ,-,,,,,"2,630 ",6.4%,,
,12월,"1,169,970 ",14.6%,"199,950 ",41.3%,"281,200 ",-4.2%,"64,978 ",22.8%,"112,960 ",56.2%," 109,062 ",26.7%,"102,325 ",4.1%,"24,786 ",16.9%,"44,150 ",14.7%,"31,232 ",5.5%,"22,877 ",-9.8%,"24,277 ",-1.1%," 43,550 ",14.9%,,,"11,184 ",27.0%,,,,,"4,296 ",82.2%,"1,300 ",-7.1%,"2,409 ",-1.5%,925 ,131.3%,0 ,-,,,,,"2,439 ",20.9%,,
2013년,1월,"1,425,900 ",18.7%,"234,456 ",35.5%,"322,500 ",8.3%,"84,283 ",39.0%,"143,799 ",43.5%,"134,994 ",32.1%,"117,296 ",6.2%,"31,378 ",21.4%,"52,668 ",14.1%,"53,193 ",15.8%,"31,178 ",4.8%,"31,708 ",6.6%,"70,770 ",10.5%,"81,799 ",52.0%,"16,530 ",31.4%," 112,619 ",2.9%," 5,375 ",5.8%,"6,565 ",70.4%,"3,700 ",-11.9%,"1,410 ",51.6%,"1,429 ",59.3%,0 ,-,596 ,-5.4%,"18,683 ",2.5%,"3,265 ",-22.6%,282 ,17.0%
,2월,"1,184,807 ",3.0%,"234,390 ",38.7%,"280,900 ",-16.4%,"72,348 ",-10.9%,"110,734 ",7.6%,"106,122 ",18.2%,"95,159 ",-14.1%,"24,207 ",2.4%,"39,380 ",-13.3%,"40,229 ",-11.4%,"26,397 ",-5.5%,"25,114 ",-16.8%,"49,330 ",,,,"12,534 ",16.9%,,,,,"4,480 ",69.8%,"3,700 ",-32.7%,"1,050 ",-34.4%,576 ,-10.7%,,,,,,,"1,536 ",-50.0%,,
,3월,"1,113,946 ",9.3%,"206,946 ",37.7%,"315,000 ",-1.7%,"67,745 ",5.1%,"96,983 ",8.4%,"87,338 ",19.5%,"82,811 ",-0.2%,"24,637 ",12.4%,"36,786 ",8.3%,"36,755 ",7.9%,"21,920 ",13.5%,"25,083 ",7.8%,"41,971 ",,,,"14,165 ",18.3%,,,,,"4,219 ",82.6%,"2,100 ",-38.2%,"1,882 ",4.6%,"1,349 ",109.1%,,,,,,,"1,653 ",-41.7%,,
,4월,"1,097,420 ",7.7%,"204,229 ",34.1%,"319,900 ",-6.2%,"55,720 ",-18.4%,"84,569 ",7.5%,"78,141 ",19.6%,"78,083 ",6.4%,"22,630 ",12.1%,"30,616 ",8.9%,"31,296 ",0.1%,"17,485 ",-3.5%,"23,885 ",3.5%,"28,844 ",,,,"17,016 ",17.2%,,," 10,479 ",1.9%,"3,551 ",90.2%,"3,000 ",3.4%,"2,569 ",15.5%,814 ,93.3%,,,,,,,"1,284 ",-23.6%,,
,5월,"1,185,405 ",8.1%,"228,670 ",45.5%,"324,000 ",-12.1%,"51,101 ",5.6%,"88,950 ",21.1%,"82,794 ",23.9%,"83,766 ",6.6%,"23,760 ",14.6%,"33,113 ",5.8%," 33,857 ",2.5%,"19,612 ",-1.4%,"22,322 ",-11.1%,"24,339 ",,,,"17,788 ",12.8%,,,,,"36,119 ",49.6%,"2,200 ",-21.4%,"2,729 ",56.7%,705 ,43.0%,,,,,,,806 ,4.5%,,
,6월,"1,221,491 ",10.1%,"211,465 ",39.0%,"338,400 ",-2.5%,"54,673 ",16.5%,"95,099 ",6.8%,"95,893 ",23.7%,"81,483 ",7.7%,"21,480 ",6.8%,"33,570 ",12.7%,"36,409 ",5.9%,"16,624 ",-28.5%,"26,976 ",15.9%,"24,331 ",,,,"14,907 ",11.7%,,,,,,,"1,800 ",-21.7%,"2,452 ",4.0%,745 ,72.1%,,,,,,,854 ,-42.5%,,
,7월,"1,417,422 ",8.6%,"243,992 ",28.6%,"356,100 ",-3.6%,"53,269 ",4.3%,"114,145 ",8.8%,"121,716 ",17.7%,"88,345 ",0.1%,"23,104 ",20.3%,"38,416 ",6.6%,"41,913 ",-1.4%,"31,270 ",-3.3%,"29,417 ",4.0%,"43,709 ",,,,"15,200 ",-4.7%,,," 22,949 ",-0.3%,,,"1,700 ",-10.5%,"2,031 ",33.8%,"1,149 ",28.1%,,,,,,,"1,463 ",-21.9%,,
,8월,"1,407,186 ",5.4%,"215,498 ",6.8%,"392,300 ",-2.8%,"65,153 ",10.0%,"128,162 ",6.3%,"115,130 ",13.9%,"107,633 ",-1.3%,"29,677 ",36.4%,"48,395 ",0.7%,"45,986 ",-2.9%,"22,317 ",-18.6%,"28,129 ",16.1%," 13,203 ",-57.3%,,,"17,379 ",18.0%,,,,,,,"1,900 ",5.6%,"1,998 ",66.9%,"1,202 ",69.8%,,,,,,,"1,206 ",-24.7%,,
,9월,"1,195,238 ",12.8%,"164,499 ",12.9%,"338,600 ",6.1%,"57,784 ",25.1%,"94,266 ",11.9%,"86,753 ",17.6%,"88,636 ",15.3%,"30,511 ",56.3%,"37,776 ",15.9%,"35,599 ",13.9%,"20,174 ",-9.9%,"26,866 ",20.3%,"21,441 ",10.9%,,,"17,360 ",40.2%,,,,,,,"1,700 ",0.0%,"2,574 ",12.3%,699 ,73.0%,,,,,,,"1,681 ",27.6%,,
,10월,"1,239,143 ",7.3%,"158,273 ",-5.9%,"391,800 ",5.3%,"56,628 ",14.0%,"110,509 ",13.5%,"81,605 ",2.6%,"95,766 ",15.0%,"38,300 ",80.4%,"38,632 ",12.0%,"40,157 ",15.7%,"21,125 ",15.6%,"28,055 ",13.6%,"29,676 ",-4.7%,,,"15,942 ",13.6%,,," 6,375 ",6.6%,,,"2,500 ",8.7%,"4,239 ",39.3%,"1,161 ",132.7%,,,,,,,"2,576 ",24.0%,,
,11월,"1,154,064 ",3.3%,"170,901 ",-6.9%,"312,700 ",-0.3%,"64,161 ",7.3%,"113,658 ",3.5%,"78,863 ",-12.0%,"99,008 ",14.0%,"41,057 ",75.5%,"38,505 ",11.0%,"40,388 ",18.7%,"21,018 ",-6.5%,"27,866 ",9.7%,"34,822 ",15.1%,,,"14,298 ",20.1%,,,,,,,"2,300 ",9.5%,"3,851 ",36.6%,"1,224 ",40.5%,,,,,,,"1,842 ",-30.0%,,
,12월,"1,204,463 ",2.9%,"182,846 ",-8.6%,"276,800 ",-1.6%,"65,862 ",1.4%,"114,468 ",1.3%,"96,440 ",-11.6%,"112,707 ",10.1%,"44,732 ",80.5%,"46,412 ",5.1%,"35,986 ",15.2%,"25,502 ",11.5%,"29,139 ",20.0%,"52,573 ",20.7%,,,"13,921 ",24.5%,,,,,,,"1,400 ",7.7%,"3,521 ",46.2%,"1,154 ",24.8%,,,,,,,"1,549 ",-36.5%,,
2014년,1월,"1,468,903 ",3.0%,"255,517 ",9.0%,"294,000 ",-8.8%,"65,862 ",-21.9%,"135,598 ",-5.7%,"118,308 ",-12.4%,"132,777 ",13.2%,"59,517 ",89.7%,"59,143 ",12.3%," 59,745 ",12.3%,"42,207 ",35.4%,"33,106 ",4.4%,"77,137 ",9.0%,"96,085 ",17.5%,"20,035 ",21.2%," 106,870 ",-5.1%," 6,112 ",13.7%,"58,472 ",6.4%,"3,700 ",0.0%,"2,164 ",53.5%,"1,807 ",26.5%,0 ,-,858 ,44.0%,"15,291 ",-18.2%,"7,166 ",119.5%,,
,2월,"1,312,683 ",10.8%,"231,502 ",-1.2%,"321,100 ",14.3%,"86,616 ",19.7%,"100,650 ",-9.1%,"102,523 ",-3.4%,"115,411 ",21.3%,"49,796 ",105.7%,"52,427 ",33.1%," 51,930 ",29.1%,"35,443 ",34.3%,"30,182 ",20.2%,"64,116 ",30.0%,,,"19,046 ",52.0%,,,,,,,"4,800 ",29.7%,"2,171 ",106.8%,"1,263 ",119.3%,0 ,-,,,,,"2,360 ",53.6%,,
,3월,"1,150,959 ",3.3%,"192,078 ",-7.2%,"294,500 ",-6.5%,"69,603 ",2.7%,"79,481 ",-18.0%,"79,408 ",-9.1%,"98,665 ",19.1%,"43,935 ",78.3%,"40,625 ",10.4%," 40,995 ",11.5%,"31,364 ",43.1%,"25,711 ",2.5%,"36,463 ",-13.1%,,,"19,768 ",39.6%,,,,,,,"2,500 ",19.0%,"2,611 ",38.7%,"1,033 ",-23.4%,0 ,-,,,,,"2,067",25.0%,,
,4월,"1,179,885 ",7.5%,"193,998 ",-5.0%,"324,800 ",1.5%,"60,301 ",8.2%,"77,026 ",-8.9%,"73,984 ",-5.3%,"90,651 ",16.1%,"38,331 ",69.4%,"33,975 ",11.0%," 36,247 ",15.8%,"24,739 ",41.5%,"25,379 ",6.3%,"25,558 ",-11.4%,,,"20,917 ",22.9%,,," 9,110 ",-13.1%,,,"1,700 ",-43.3%,"3,428 ",33.4%,761 ,-6.5%,0 ,-,,,,,"1,706",32.9%,,
,5월,"1,223,003 ",3.2%,"195,263 ",-14.6%,"352,000 ",8.6%,"56,187 ",10.0%,"74,905 ",-15.8%,"79,054 ",-4.5%,"96,631 ",15.4%,"38,970 ",64.0%,"39,798 ",20.2%," 41,946 ",23.9%,"29,449 ",50.2%,"24,351 ",9.1%,"18,120 ",-25.6%,,,"21,772 ",22.4%,,,,,,,"2,300 ",4.5%,"3,642 ",33.5%,720 ,2.1%,0 ,-,,,,,"1,159",43.8%,,
,6월,"1,270,439 ",4.0%,"207,588 ",-1.8%,"354,400 ",4.7%,"50,650 ",-7.4%,"65,534 ",-31.1%,"94,694 ",-1.3%,"99,915 ",22.6%,"34,166 ",59.1%,"41,786 ",24.5%," 37,589 ",3.2%,"25,881 ",55.7%,"26,283 ",-2.6%,"20,661 ",-15.1%,,,"20,637 ",38.4%,,,,,,,"1,500 ",-16.7%,"3,142 ",28.1%,889 ,19.3%,77 ,-,,,,,697,-18.4%,,
,7월,"1,454,795 ",2.6%,"250,741 ",2.8%,"361,400 ",1.5%,"56,450 ",6.0%,"89,189 ",-21.9%,"114,257 ",-6.1%,"110,504 ",25.1%,"37,073 ",60.5%,"47,783 ",24.4%," 46,666 ",11.3%,"35,262 ",12.8%,"26,586 ",-9.6%,"25,860 ",-40.8%,,,"23,933 ",57.5%,,," 24,148 ",5.2%,,,900 ,-47.1%,"2,033 ",0.1%,"1,247 ",8.5%,0 ,-,,,,,1328,-9.2%,,
,8월,"1,547,193 ",9.9%,"251,428 ",16.7%,"404,900 ",3.2%,"87,457 ",34.2%,"114,458 ",-10.7%,"121,624 ",5.6%,"128,718 ",19.6%,"44,160 ",48.8%,"58,115 ",20.1%," 56,623 ",23.1%,"43,127 ",93.2%,"28,249 ",0.4%,"27,233 ",106.3%,,,"23,322 ",34.2%,,,,,,,400 ,-78.9%,"2,146 ",7.4%,"1,109 ",-7.7%,0 ,-,,,,,"1,465",21.5%,,
,9월,"1,321,293 ",10.5%,"217,689 ",32.3%,"369,300 ",9.1%,"68,983 ",19.4%,"81,366 ",-13.7%,"82,098 ",-5.4%,"105,395 ",18.9%,"37,870 ",24.1%,"46,812 ",23.9%," 39,276 ",10.3%,"27,297 ",35.3%,"24,769 ",-7.8%,"21,600 ",0.7%,,,"21,099 ",21.5%,,,,,,,800 ,-52.9%,"3,229 ",25.4%,770 ,10.2%,0 ,-,,,,, 805 ,-52.1%,,
,10월,"1,432,100 ",15.6%,"249,577 ",57.7%,"413,900 ",5.6%,"69,608 ",22.9%,"93,900 ",-15.0%,"92,339 ",13.2%,"107,141 ",11.9%,"48,419 ",26.4%,"45,119 ",16.8%," 44,810 ",11.6%,"30,724 ",45.4%,"29,906 ",6.6%,"28,159 ",-5.1%,,,"22,860 ",43.4%,,," 6,106 ",-4.2%,,,"1,100 ",-56.0%,"3,748 ",-11.6%,"1,221 ",5.2%,0 ,-,,,,,"1,879",-27.1%,,
,11월,"1,288,754 ",11.7%,"239,029 ",39.9%,"335,100 ",7.2%,"78,129 ",21.8%,"90,281 ",-20.6%,"100,243 ",27.1%,"98,493 ",-0.5%,"48,718 ",18.7%,"41,592 ",8.0%," 40,230 ",-0.4%,"29,162 ",38.7%,"24,804 ",-11.0%,"33,430 ",-4.0%,,,"18,136 ",26.8%,,,,,,,"1,200 ",-47.8%,"2,922 ",-24.1%,"1,267 ",3.5%,0 ,-,,,,,"1,255",-31.9%,,
,12월,"1,430,677 ",18.8%,"270,903 ",48.2%,"356,400 ",28.8%,"83,123 ",26.2%,"114,105 ",-0.3%,"116,940 ",21.3%,"114,311 ",1.4%,"50,748 ",13.4%,"47,346 ",2.0%," 40,918 ",13.7%,"31,114 ",22.0%,"28,796 ",-1.2%,"46,087 ",-12.3%,,,"17,129 ",23.0%,,,,,,,800 ,-42.9%,"3,660 ",3.9%,"1,325 ",14.8%,0 ,-,,,,,"1,318",-14.9%,,
2015년,1월,"1,834,538 ",24.9%,"358,093 ",40.1%,"367,700 ",25.1%,"116,450 ",76.8%,"153,062 ",12.9%,"147,163 ",24.4%,"152,049 ",14.5%,"75,534 ",26.9%,"68,791 ",16.3%,"71,820 ",20.2%,"55,297 ",31.0%,"38,620 ",16.7%,"73,059 ",-5.3%,"165,328 ",72.1%,"25,192 ",25.7%,"102,993 ",-3.6%," 5,497 ",-10.1%,"63,715 ",9.0%,"3,300 ",-10.8%,"2,133 ",-1.4%,"1,856 ",2.7%,0 ,-,640 ,-25.4%,"11,437 ",-25.2%,"4,097 ",-42.8%,74 ,
,2월,"1,445,609 ",10.1%,"321,576 ",38.9%,"280,200 ",-12.7%,"145,563 ",68.1%,"117,331 ",16.6%,"121,218 ",18.2%,"122,437 ",6.1%,"57,887 ",16.2%,"56,240 ",7.3%,"51,415 ",-1.0%,"36,515 ",3.0%,"30,938 ",2.5%,"49,616 ",-22.6%,,,"19,917 ",4.6%,,,,,,,"2,600 ",-45.8%,"1,648 ",-24.1%,"1,159 ",-8.2%,0 ,-,,,,,"1,054 ",-55.3%,,
,3월,"1,416,683 ",23.1%,"268,156 ",39.6%,"345,000 ",17.1%,"90,804 ",30.5%,"100,236 ",26.1%,"93,099 ",17.2%,"101,927 ",3.3%,"50,219 ",14.3%,"43,613 ",7.4%,"42,872 ",4.6%,"29,366 ",-6.4%,"28,565 ",11.1%,"37,222 ",2.1%,,,"14,165 ",-28.3%,,,,,,,"2,100 ",-16.0%,"3,184 ",21.9%,"1,080 ",4.5%,0 ,-,,,,,"2,381 ",15.2%,,
,4월,"1,495,460 ",26.7%,"304,619 ",57.0%,"399,500 ",23.0%,"85,297 ",41.5%,"86,307 ",12.0%,"90,465 ",22.3%,"101,608 ",12.1%,"50,183 ",30.9%,"41,215 ",21.3%,"41,602 ",14.8%,"28,773 ",16.3%,"28,747 ",13.3%,"27,746 ",8.6%,,,"20,352 ",-2.7%,,," 9,705 ",6.5%,,,"2,100 ",23.5%,"2,565 ",-25.2%,735 ,-3.4%,38 ,-,,,,,"1,659 ",-2.8%,,
,5월,"1,579,265 ",29.1%,"315,389 ",61.5%,"423,100 ",20.2%,"81,557 ",45.2%,"89,584 ",19.6%,"94,086 ",19.0%,"119,960 ",24.1%,"54,932 ",41.0%,"52,298 ",31.4%,"43,883 ",4.6%,"29,136 ",-1.1%,"26,200 ",7.6%,"22,985 ",26.8%,,,"22,016 ",1.1%,,,,,,,"2,000 ",-13.0%,"3,485 ",-4.3%,840 ,16.7%,0 ,-,,,,,708 ,-38.9%,,
,6월,"1,373,551 ",8.1%,"251,504 ",21.2%,"325,700 ",-8.1%,"72,927 ",44.0%,"91,776 ",40.0%,"96,954 ",2.4%,"72,185 ",-27.8%,"37,082 ",8.5%,"31,406 ",-24.8%,"37,193 ",-1.1%,"25,926 ",0.2%,"27,224 ",3.6%,"17,282 ",-16.4%,,,"18,488 ",-10.4%,,,,,,,"1,500 ",0.0%,"2,734 ",-13.0%,941 ,5.8%,0 ,-100.0%,,,,,619 ,-11.2%,,
,7월,"1,675,332 ",15.2%,"343,799 ",37.1%,"344,200 ",-4.8%,"73,108 ",29.5%,"121,499 ",36.2%,"119,292 ",4.4%,"85,371 ",-22.7%,"45,530 ",22.8%,"37,050 ",-22.5%,"48,375 ",3.7%,"37,299 ",5.8%,"28,583 ",7.5%,"24,129 ",-6.7%,,,"22,529 ",-5.9%,,," 26,038 ",7.8%,,,"1,400 ",55.6%,"2,084 ",2.5%,"1,447 ",16.0%,0 ,-,,,,,870 ,-34.5%,,
,8월,"1,835,249 ",18.6%,"390,971 ",55.5%,"428,000 ",5.7%,"104,146 ",19.1%,"137,404 ",20.0%,"139,472 ",14.7%,"99,479 ",-22.7%,"54,563 ",23.6%,"43,710 ",-24.8%,"60,468 ",6.8%,"42,512 ",-1.4%,"29,050 ",2.8%,"25,977 ",-4.6%,,,"19,690 ",-15.6%,,,,,,,"1,100 ",175.0%,"2,077 ",-3.2%,"1,272 ",14.7%,0 ,-,,,,,885 ,-39.6%,,
,9월,"1,511,657 ",14.4%,"301,645 ",38.6%,"373,300 ",1.1%,"80,199 ",16.3%,"94,249 ",15.8%,"95,386 ",16.2%,"89,304 ",-15.3%,"46,989 ",24.1%,"36,223 ",-22.6%,"39,063 ",-0.5%,"27,014 ",-1.0%,"25,392 ",2.5%,"18,676 ",-13.5%,,,"16,778 ",-20.5%,,,,,,,"2,000 ",150.0%,"2,108 ",-34.7%,"1,000 ",29.9%,0 ,-,,,,,886 ,10.1%,,
,10월,"1,735,308 ",21.2%,"370,842 ",48.6%,"447,400 ",8.1%,"86,775 ",24.7%,"108,923 ",16.0%,"102,057 ",10.5%,"105,959 ",-1.1%,"60,241 ",24.4%,"42,671 ",-5.4%,"50,582 ",12.9%,"32,190 ",4.8%,"30,636 ",2.4%,"27,189 ",-3.4%,,,"18,328 ",-19.8%,,," 5,973 ",-2.2%,,,"2,100 ",90.9%,"3,704 ",-1.2%,"1,106 ",-9.4%,0 ,-,,,,,"1,364 ",-27.4%,,
,11월,"1,626,063 ",26.2%,"359,845 ",50.5%,"370,700 ",10.6%,"100,782 ",29.0%,"123,303 ",36.6%,"105,330 ",5.1%,"111,738 ",13.4%,"59,548 ",22.2%,"46,071 ",10.8%,"44,988 ",11.8%,"34,200 ",17.3%,"31,619 ",27.5%,"28,625 ",-14.4%,,,"13,595 ",-25.0%,,,,,,,"1,300 ",8.3%,"4,521 ",54.7%,"1,542 ",21.7%,0 ,-,,,,,"1,931 ",53.9%,,
,12월,"1,781,715",24.5%,"415,656 ",53.4%,"339,600 ",-4.7%,"114,741 ",38.0%,"149,315 ",30.9%,"135,156 ",15.6%,"123,169 ",7.7%,"69,962 ",37.9%,"54,856 ",15.9%,"44,821 ",9.5%,"42,933 ",38.0%,"28,155 ",-2.2%,"42,753 ",-7.2%,,,"11,530 ",-32.7%,,,,,,,"1,100 ",37.5%,"2,758 ",-24.6%,"1,395 ",5.3%,0 ,-,,,,,"1,658 ",25.8%,,
2016년,1월,"2,112,337",15.1%,"514,889 ",43.8%,"4,762,163 ",7.1%,"149,330 ",28.2%,"174,970 ",14.3%,"147,165 ",0.0%,"151,366 ",-0.4%,"85,991 ",13.8%,"69,223 ",0.6%,"74,180 ",3.3%,"61,933 ",12.0%,"35,636 ",-7.7%,"59,945 ",-17.9%,"173,260 ",4.8%,"13,773 ",-45.3%,"111,076 ",7.8%," 5,353 ",-2.6%,"64,397 ",1.1%,"3,300 ",0.0%,"1,896 ",-11.1%,"2,105 ",13.4%,0 ,-,"1,035 ",61.7%,"9,654 ",-15.6%,"4,053 ",-1.1%,,
,2월,"1,876,928",29.8%,"490,845 ",52.6%,,,"142,234 ",-2.3%,"147,688 ",25.9%,"137,598 ",13.5%,"132,530 ",8.2%,"76,563 ",32.3%,"63,013 ",12.0%,"57,595 ",12.0%,"47,349 ",29.7%,"31,609 ",2.2%,"43,764 ",-11.8%,,,"11,399 ",-42.8%,,,,,,,"4,300 ",65.4%,"1,706 ",3.5%,"1,322 ",14.1%,12 ,-,,,,,"2,058 ",95.3%,,
,3월,"1,569,162",10.8%,"374,057 ",39.5%,,,"116,593 ",28.4%,"103,289 ",3.0%,"98,781 ",6.1%,"99,443 ",-2.4%,"56,897 ",13.3%,"41,675 ",-4.4%,"40,959 ",-4.5%,"30,563 ",4.1%,"26,103 ",-8.6%,"27,839 ",-25.2%,,,"8,830 ",-37.7%,,,,,,,"2,000 ",-4.8%,"1,981 ",-37.8%,"1,194 ",10.6%,0 ,-,,,,,"1,798 ",-24.5%,,
,4월,"1,636,597",9.4%,"353,660 ",16.1%,,,"111,154 ",30.3%,"95,785 ",11.0%,"98,052 ",8.4%,"107,349 ",5.7%,"62,869 ",25.3%,"43,661 ",5.9%,"41,356 ",-0.6%,"31,218 ",8.5%,"27,989 ",-2.6%,"22,386 ",-19.3%,,,"8,438 ",-58.5%,,," 11,093 ",14.3%,,,"2,400 ",14.3%,"2,169 ",-15.4%,749 ,1.9%,40 ,5.3%,,,,,"1,498 ",-9.7%,,
,5월,"1,656,728",4.9%,"302,088 ",-4.2%,,,"111,952 ",37.3%,"96,261 ",7.5%,"94,736 ",0.7%,"110,221 ",-8.1%,"64,472 ",17.4%,"48,109 ",-8.0%,"44,932 ",2.4%,"29,293 ",0.5%,"26,859 ",2.5%,"17,508 ",-23.8%,,,"9,516 ",-56.8%,,,,,,,"2,200 ",10.0%,"2,995 ",-14.1%,914 ,8.8%,0 ,-,,,,,977 ,38.0%,,
,6월,"1,778,317",29.5%,"347,365 ",38.1%,,,"109,806 ",50.6%,"107,506 ",17.1%,"109,786 ",13.2%,"107,843 ",49.4%,"61,826 ",66.7%,"46,957 ",49.5%,"43,766 ",17.7%,"27,667 ",6.7%,"26,084 ",-4.2%,"21,556 ",24.7%,,,"10,441 ",-43.5%,,,,,,,"2,400 ",60.0%,"2,309 ",-15.5%,909 ,-3.4%,0 ,-,,,,,948 ,53.2%,,
,7월,"2,086,068",24.5%,"447,008 ",30.0%,,,"116,960 ",60.0%,"134,310 ",10.5%,"142,793 ",19.7%,"112,283 ",31.5%,"71,654 ",57.4%,"51,992 ",40.3%,"54,700 ",13.1%,"34,429 ",-7.7%,"31,502 ",10.2%,"25,272 ",4.7%,,,"9,627 ",-57.3%,,," 33,990 ",30.5%,,,"2,000 ",42.9%,"2,063 ",-1.0%,"1,231 ",-14.9%,23 ,-,,,,,"1,796 ",106.4%,,
,8월,"2,064,241",12.5%,"458,927 ",17.4%,,,"147,028 ",41.2%,"140,804 ",2.5%,"147,588 ",5.8%,"117,856 ",18.5%,"78,232 ",43.4%,"57,739 ",32.1%,"62,018 ",2.6%,"42,117 ",-0.9%,"30,940 ",6.5%,"25,410 ",-2.2%,,,"6,590 ",-66.5%,,,,,,,"1,400 ",27.3%,"1,852 ",-10.8%,"1,296 ",1.9%,24 ,-,,,,,"2,169 ",145.1%,,
,9월,"1,904,524",26.0%,"430,614 ",42.8%,,,"128,911 ",60.7%,"107,890 ",14.5%,"115,147 ",20.7%,"117,028 ",31.0%,"72,247 ",53.8%,"55,075 ",52.0%,"37,742 ",-3.4%,"29,565 ",9.4%,"26,543 ",4.5%,"20,202 ",8.2%,,,"7,334 ",-56.3%,,,,,,,"2,600 ",30.0%,"2,339 ",11.0%,"1,001 ",0.1%,22 ,-,,,,,"1,924 ",117.2%,,
,10월,"1,865,552",7.5%,"449,555 ",21.2%,,,"123,052 ",41.8%,"99,409 ",-8.7%,"112,508 ",10.2%,"115,663 ",9.2%,"74,210 ",23.2%,"52,104 ",22.1%,"34,346 ",-32.1%,"34,025 ",5.7%,"26,869 ",-12.3%,"24,164 ",-11.1%,,,"6,746 ",-63.2%,,," 7,151 ",19.7%,,,"2,200 ",4.8%,"3,937 ",6.3%,"1,173 ",6.1%,13 ,-,,,,,"2,617 ",91.9%,,
,11월,"1,825,701",12.3%,"426,918 ",18.6%,,,"132,698 ",31.7%,"114,745 ",-6.9%,"127,547 ",21.1%,"126,748 ",13.4%,"82,583 ",38.7%,"62,009 ",34.6%,"36,314 ",-19.3%,"33,975 ",-0.7%,"26,880 ",-15.0%,"27,507 ",-3.9%,,,"6,325 ",-53.5%,,,,,,,"2,100 ",61.5%,"3,527 ",-22.0%,"1,386 ",-10.1%,0 ,-,,,,,"2,538 ",31.4%,,
,12월,"2,007,035",12.6%,"494,376 ",18.9%,,,"154,165 ",34.4%,"141,561 ",-5.2%,"143,380 ",6.1%,"137,010 ",11.2%,"99,868 ",42.7%,"70,706 ",28.9%,"38,601 ",-13.9%,"42,305 ",-1.5%,"26,873 ",-4.6%,"41,641 ",-2.6%,,,"7,885 ",-31.6%,,,,,,,"1,400 ",27.3%,"2,806 ",1.7%,"1,240 ",-11.1%,33 ,-,,,,,"2,795 ",68.6%,,
2017년,1월,"2,343,048",10.9%,"625,415 ",21.5%,"3,854,869 ",-19.1%,"171,932 ",15.1%,"171,485 ",-2.0%,"154,367 ",4.9%,"152,165 ",0.5%,"112,321 ",30.6%,"81,448 ",17.7%,"60,247 ",-18.8%,"53,139 ",-14.2%,"36,221 ",1.6%,"57,684 ",-3.8%,"170,571 ",-1.6%,"9,524 ",-30.9%,"142,383 ",28.2%," 6,184 ",15.5%,"65,829 ",2.2%,"4,100 ",24.2%,"1,945 ",2.6%,"1,843 ",-12.4%,,,"6,048 ",484.3%,"13,999 ",45.0%,"4,579 ",13.0%,,
,2월,"2,231,269",18.9%,"600,018 ",22.2%,,,"192,572 ",35.4%,"163,559 ",10.7%,"150,685 ",9.5%,"153,906 ",16.1%,"94,836 ",23.9%,"82,764 ",31.3%,"60,174 ",4.5%,"41,699 ",-11.9%,"35,616 ",12.7%,"43,815 ",0.1%,,,"8,695 ",-23.7%,,,,,,,"5,300 ",23.3%,"2,308 ",35.3%,"1,569 ",18.7%,,,,,,,"3,585 ",74.2%,,
,3월,"1,940,542",23.7%,"488,349 ",30.6%,,,"162,960 ",39.8%,"128,234 ",24.2%,"135,813 ",37.5%,"124,686 ",25.4%,"87,067 ",53.0%,"65,393 ",56.9%,"43,942 ",7.3%,"35,802 ",17.1%,"30,953 ",18.6%,"26,243 ",-5.7%,,,"8,483 ",-3.9%,,,,,,,"3,900 ",95.0%,"2,059 ",3.9%,"1,193 ",-0.1%,,,,,,,"2,810 ",56.3%,,
,4월,"2,003,943",22.4%,"554,627 ",56.8%,,,"174,373 ",56.9%,"116,421 ",21.5%,"117,074 ",19.4%,"115,509 ",7.6%,"84,460 ",34.3%,"64,924 ",48.7%,"48,829 ",18.1%,"30,415 ",-2.6%,"36,376 ",30.0%,"21,876 ",-2.3%,,,"9,897 ",17.3%,,," 17,444 ",57.3%,,,"2,900 ",20.8%,"3,254 ",50.0%,886 ,18.3%,,,,,,,"2,436 ",62.6%,,
,5월,"2,003,834",21.0%,"558,892 ",85.0%,,,"187,359 ",67.4%,"112,220 ",16.6%,"128,691 ",35.8%,"119,454 ",8.4%,"79,569 ",23.4%,"72,205 ",50.1%,"52,762 ",17.4%,"27,947 ",-4.6%,"34,092 ",26.9%,"20,119 ",14.9%,,,"9,467 ",-0.5%,,,,,,,"3,700 ",68.2%,"3,154 ",5.3%,"1,003 ",9.7%,,,,,,,"1,746 ",78.7%,,
,6월,"2,098,126",18.0%,"568,877 ",63.8%,,,"177,061 ",61.2%,"133,734 ",24.4%,"108,455 ",-1.2%,"114,082 ",5.8%,"72,021 ",16.5%,"66,758 ",42.2%,"49,487 ",13.1%,"29,460 ",6.5%,"35,093 ",34.5%,"20,573 ",-4.6%,,,"9,786 ",-6.3%,,,,,,,"2,600 ",8.3%,"2,432 ",5.3%,952 ,4.7%,,,,,,,"1,867 ",96.9%,,
,7월,"2,389,447",14.5%,"644,026 ",44.1%,,,"193,569 ",65.5%,"152,515 ",13.6%,"132,135 ",-7.5%,"114,491 ",2.0%,"71,076 ",-0.8%,"74,129 ",42.6%,"58,326 ",6.6%,"42,349 ",23.0%,"44,793 ",42.2%,"25,091 ",-0.7%,,,"12,059 ",25.3%,,," 42,500 ",25.0%,,,"2,000 ",0.0%,"1,856 ",-10.0%,"1,454 ",12.2%,,,,,,,"1,981 ",10.3%,,
,8월,"2,385,301",15.6%,"620,904 ",35.3%,,,"240,985 ",63.9%,"164,001 ",16.5%,"141,869 ",-3.9%,"124,162 ",5.4%,"75,692 ",-3.2%,"75,548 ",30.8%,"60,957 ",-1.7%,"46,701 ",10.9%,"41,200 ",33.2%,"22,704 ",-10.6%,,,"10,156 ",54.1%,,,,,,,"2,100 ",50.0%,"2,223 ",20.0%,"1,332 ",2.8%,,,,,,,"2,321 ",7.0%,,
,9월,"2,236,500",17.4%,"556,885 ",29.3%,,,"213,538 ",65.6%,"134,475 ",24.6%,"123,834 ",7.5%,"105,776 ",-9.6%,"71,992 ",-0.4%,"60,940 ",10.6%,"47,602 ",26.1%,"40,339 ",36.4%,"39,059 ",47.2%,"18,357 ",-9.1%,,,"10,839 ",47.8%,,,,,,,"2,800 ",7.7%,"3,189 ",36.3%,"1,150 ",14.9%,,,,,,,"2,195 ",14.1%,,
,10월,"2,231,748",19.6%,"620,936 ",38.1%,,,"219,733 ",78.6%,"132,014 ",32.8%,"139,218 ",23.7%,"143,095 ",23.7%,"94,159 ",26.9%,"80,528 ",54.6%,"53,430 ",55.6%,"43,110 ",26.7%,"33,284 ",23.9%,"22,542 ",-6.7%,,,"12,784 ",89.5%,,," 8,793 ",23.0%,,,"5,100 ",131.8%,"4,487 ",14.0%,"1,342 ",14.4%,,,,,,,"3,348 ",27.9%,,
,11월,"2,227,747",22.0%,"622,604 ",45.8%,,,"224,056 ",68.8%,"147,762 ",28.8%,"125,583 ",-1.5%,"132,488 ",4.5%,"98,225 ",18.9%,"72,475 ",16.9%,"52,123 ",43.5%,"42,531 ",25.2%,"31,675 ",17.8%,"29,444 ",7.0%,,,"9,497 ",50.2%,,,,,,,"3,900 ",85.7%,"4,308 ",22.1%,"1,757 ",26.8%,,,,,,,"3,556 ",40.1%,,
,12월,"2,404,942",19.8%,"678,905 ",37.3%,,,"257,107 ",66.8%,"161,447 ",14.0%,"150,097 ",4.7%,"136,641 ",-0.3%,"113,789 ",13.9%,"77,141 ",9.1%,"43,484 ",12.6%,"51,036 ",20.6%,"24,829 ",-7.6%,"36,633 ",-12.0%,,,"9,435 ",19.7%,,,,,,,"1,900 ",35.7%,"3,593 ",28.0%,"1,482 ",19.5%,,,,,,,"3,877 ",38.7%,,
2018년,1월,"2,866,780",22.4%,"803,816 ",28.5%,"4,191,790 ",8.7%,"316,314 ",84.0%,"197,625 ",15.2%,"198,145 ",28.4%,"172,432 ",13.3%,"129,479 ",15.3%,"97,861 ",20.2%,"75,502 ",25.3%,"68,621 ",29.1%,"33,453 ",-7.6%,"50,541 ",-12.4%,"174,405 ",2.2%,"11,655 ",22.4%,"150,536 ",5.7%," 7,157 ",15.7%,"8,591 ",10.7%,"5,700 ",39.0%,"2,988 ",53.6%,"2,493 ",35.3%,,,998 ,-83.5%,"14,985 ",7.0%,"6,075 ",32.7%,,
,2월,"2,311,009",3.6%,"708,318 ",18.0%,,,"303,391 ",57.5%,"160,148 ",-2.1%,"156,555 ",3.9%,"126,142 ",-18.0%,"92,403 ",-2.6%,"71,633 ",-13.4%,"53,161 ",-11.7%,"56,077 ",34.5%,"29,361 ",-17.6%,"40,116 ",-8.4%,,,"9,399 ",8.1%,,,,,"5,515 ",,"5,400 ",1.9%,"2,078 ",-10.0%,"1,359 ",-13.4%,,,,,,,"2,607 ",-27.3%,,
,3월,"2,252,565",16.1%,"619,196 ",26.8%,,,"272,757 ",67.4%,"143,644 ",12.0%,"122,387 ",-9.9%,"129,998 ",4.3%,"78,296 ",-10.1%,"70,585 ",7.9%,"49,127 ",11.8%,"42,362 ",18.3%,"25,316 ",-18.2%,"35,399 ",34.9%,,,"11,276 ",32.9%,,,,,"5,748 ",,"4,100 ",5.1%,"2,663 ",29.3%,"1,398 ",17.2%,,,,,,,"4,021 ",43.1%,,
,4월,"2,230,200",11.3%,"638,523 ",15.1%,,,"281,385 ",61.4%,"115,870 ",-0.5%,"114,973 ",-1.8%,"110,385 ",-4.4%,"66,595 ",-21.2%,"61,106 ",-5.9%,"44,550 ",-8.8%,"36,684 ",20.6%,"26,576 ",-26.9%,"18,858 ",-13.8%,,,"13,566 ",37.1%,,," 19,981 ",14.5%,"4,043 ",,"4,300 ",48.3%,"3,008 ",-7.6%,825 ,-6.9%,,,,,,,"2,597 ",6.6%,,
,5월,"2,331,565",16.4%,"640,355 ",14.6%,,,"267,909 ",43.0%,"122,684 ",9.3%,"113,488 ",-11.8%,"114,461 ",-4.2%,"76,359 ",-4.0%,"64,980 ",-10.0%,"46,720 ",-11.5%,"41,825 ",49.7%,"28,786 ",-15.6%,"14,430 ",-28.3%,,,"13,312 ",40.6%,,,,,"4,191 ",,"3,600 ",-2.7%,"2,647 ",-16.1%,892 ,-11.1%,,,,,,,"1,554 ",-11.0%,,
,6월,"2,323,986",10.8%,"606,162 ",6.6%,,,"271,848 ",53.5%,"141,562 ",5.9%,"111,640 ",2.9%,"99,420 ",-12.9%,"64,429 ",-10.5%,"57,787 ",-13.4%,"45,325 ",-8.4%,"46,460 ",57.7%,"25,749 ",-26.6%,"15,256 ",-25.8%,,,"13,396 ",36.9%,,,,,"4,255 ",,"2,900 ",11.5%,"2,531 ",4.1%,963 ,1.2%,,,,,,,"1,279 ",-31.5%,,
,7월,"2,495,297",4.4%,"607,953 ",-5.6%,,,"252,396 ",30.4%,"153,523 ",0.7%,"127,190 ",-3.7%,"101,964 ",-10.9%,"63,293 ",-11.0%,"59,451 ",-19.8%,"57,823 ",-0.9%,"64,496 ",52.3%,"37,174 ",-17.0%,"17,107 ",-31.8%,,,"14,645 ",21.4%,,," 48,349 ",13.8%,"5,451 ",,"2,600 ",30.0%,"2,477 ",33.5%,"1,444 ",-0.7%,,,,,,,"2,415 ",21.9%,,
,8월,"2,519,860",5.6%,"593,941 ",-4.3%,,,"320,714 ",33.1%,"164,137 ",0.1%,"129,734 ",-8.6%,"116,354 ",-6.3%,"71,972 ",-4.9%,"66,052 ",-12.6%,"62,729 ",2.9%,"61,224 ",31.1%,"35,921 ",-12.8%,"17,822 ",-21.5%,,,"15,463 ",52.3%,,,,,"4,741 ",,"2,400 ",14.3%,"2,175 ",-2.2%,"1,583 ",18.8%,,,,,,,"1,874 ",-19.3%,,
,9월,"2,225,756",-0.5%,"479,733 ",-13.9%,,,"227,249 ",6.4%,"135,484 ",0.8%,"125,236 ",1.1%,"103,090 ",-2.5%,"77,637 ",7.8%,"58,246 ",-4.4%,"47,734 ",0.3%,"45,255 ",12.2%,"28,569 ",-26.9%,"13,457 ",-26.7%,,,"14,241 ",31.4%,,,,,"3,784 ",,"3,600 ",28.6%,"2,566 ",-19.5%,970 ,-15.7%,,,,,,,"2,397 ",9.2%,,
,10월,"2,347,876",5.2%,"571,176 ",-8.0%,,,"303,417 ",38.1%,"132,018 ",0.0%,"122,390 ",-12.1%,"115,428 ",-19.3%,"90,528 ",-3.9%,"60,240 ",-25.2%,"53,926 ",0.9%,"47,754 ",10.8%,"30,284 ",-9.0%,"16,045 ",-28.8%,,,"15,737 ",23.1%,,," 8,697 ",-1.1%,"7,374 ",,"4,300 ",-15.7%,"3,826 ",-14.7%,"1,066 ",-20.6%,,,,,,,"3,850 ",15.0%,,
,11월,"2,295,810",3.1%,"588,213 ",-5.5%,,,"293,481 ",31.0%,"154,561 ",4.6%,"127,935 ",1.9%,"131,587 ",-0.7%,"100,809 ",2.6%,"67,685 ",-6.6%,"50,634 ",-2.9%,"52,851 ",24.3%,"27,676 ",-12.6%,"22,282 ",-24.3%,,,"14,001 ",47.4%,,,,,"9,218 ",,"4,400 ",12.8%,"4,098 ",-4.9%,"1,444 ",-17.8%,,,,,,,"4,532 ",27.4%,,
,12월,"2,495,279",3.8%,"681,566 ",0.4%,,,"324,545 ",26.2%,"175,359 ",8.6%,"174,578 ",16.3%,"140,297 ",2.7%,"109,730 ",-3.6%,"77,216 ",0.1%,"42,223 ",-2.9%,"53,174 ",4.2%,"30,020 ",20.9%,"40,457 ",10.4%,,,"12,663 ",34.2%,,,,,"9,941 ",,"2,300 ",21.1%,"3,343 ",-7.0%,"1,311 ",-11.5%,,,,,,,"4,017 ",3.6%,,
2019년,1월,"2,912,331",1.6%,"779,383 ",-3.0%,"4,346,567 ",3.7%,"388,977 ",23.0%,"208,075 ",5.3%,"179,900 ",-9.2%,"164,821 ",-4.4%,"117,155 ",-9.5%,"99,463 ",1.6%,"72,704 ",-3.7%,"74,964 ",9.2%,"33,620 ",0.5%,"41,364 ",-18.2%,"203,191 ",16.5%,"16,661 ",43.0%,"149,445 ",-0.7%," 7,386 ",3.2%,"14,435 ",68.0%,"7,800 ",36.8%,"3,069 ",2.7%,"2,140 ",-14.2%,,,"1,408 ",41.1%,"20,322 ",35.6%,"5,089 ",-16.2%,,
,2월,"2,617,946",13.3%,"715,804 ",1.1%,,,"383,205 ",26.3%,"184,399 ",15.1%,"180,890 ",15.5%,"146,814 ",16.4%,"114,414 ",23.8%,"86,179 ",20.3%,"62,241 ",17.1%,"64,366 ",14.8%,"31,847 ",8.5%,"31,053 ",-22.6%,,,"15,147 ",61.2%,,,,,"12,266 ",122.4%,"9,300 ",72.2%,"2,582 ",24.3%,"1,606 ",18.2%,,,,,,,"2,723 ",4.4%,,
,3월,"2,334,153",3.6%,"585,586 ",-5.4%,,,"335,612 ",23.0%,"144,519 ",0.6%,"158,794 ",29.7%,"138,935 ",6.9%,"95,213 ",21.6%,"76,409 ",8.3%,"47,168 ",-4.0%,"47,497 ",12.1%,"27,005 ",6.7%,"22,852 ",-35.4%,,,"16,326 ",44.8%,,,,,"10,947 ",90.4%,"7,400 ",80.5%,"2,505 ",-5.9%,"1,214 ",-13.2%,,,,,,,"3,297 ",-18.0%,,
,4월,"2,246,417",0.7%,"566,624 ",-11.3%,,,"338,085 ",20.2%,"118,145 ",2.0%,"130,707 ",13.7%,"100,542 ",-8.9%,"80,584 ",21.0%,"61,573 ",0.8%,"39,464 ",-11.4%,"39,966 ",8.9%,"26,557 ",-0.1%,"15,325 ",-18.7%,,,"16,641 ",22.7%,,," 21,378 ",7.0%,"7,596 ",87.9%,"3,800 ",-11.6%,"3,103 ",3.2%,677 ,-17.9%,,,,,,,"2,279 ",-12.2%,,
,5월,"2,401,204",3.0%,"603,394 ",-5.8%,,,"318,326 ",18.8%,"111,911 ",-8.8%,"138,239 ",21.8%,"108,923 ",-4.8%,"80,508 ",5.4%,"65,763 ",1.2%,"43,561 ",-6.8%,"43,894 ",4.9%,"26,814 ",-6.9%,"14,007 ",-2.9%,,,"19,091 ",43.4%,,,,,"6,789 ",62.0%,"4,800 ",33.3%,"2,875 ",8.6%,334 ,-62.6%,,,,,,,"1,514 ",-2.6%,,
,6월,"2,495,798",7.4%,"611,867 ",0.9%,,,"314,397 ",15.7%,"140,243 ",-0.9%,"157,495 ",41.1%,"94,842 ",-4.6%,"68,895 ",6.9%,"60,753 ",5.1%,"45,706 ",0.8%,"53,265 ",14.6%,"30,026 ",16.6%,"14,233 ",-6.7%,,,"17,996 ",34.3%,,,,,"7,535 ",77.1%,"4,000 ",37.9%,"3,224 ",27.4%,623 ,-35.3%,,,,,,,"1,210 ",-5.4%,,
,7월,"2,642,585",5.9%,"561,675 ",-7.6%,,,"321,493 ",27.4%,"166,107 ",8.2%,"167,249 ",31.5%,"80,074 ",-21.5%,"72,781 ",15.0%,"55,372 ",-6.9%,"59,119 ",2.2%,"69,225 ",7.3%,"39,740 ",6.9%,"16,635 ",-2.8%,,,"20,158 ",37.6%,,," 60,875 ",25.9%,"8,305 ",52.4%,"3,100 ",19.2%,"2,522 ",1.8%,647 ,-55.2%,,,,,,,"2,067 ",-14.4%,,
,8월,"2,427,634",-3.7%,"308,730 ",-48.0%,,,"401,038 ",25.0%,"180,418 ",9.9%,"185,334 ",42.9%,"73,964 ",-36.1%,"93,900 ",30.5%,"62,731 ",-5.0%,"65,643 ",4.6%,"65,245 ",6.6%,"38,923 ",8.4%,"17,039 ",-4.4%,,,"17,818 ",15.2%,,,,,"7,616 ",60.6%,"3,000 ",25.0%,"2,308 ",6.1%,799 ,-49.5%,,,,,,,"1,914 ",2.1%,,
,9월,"2,049,830",-7.9%,"201,252 ",-58.0%,,,"339,560 ",49.4%,"145,528 ",7.4%,"152,184 ",21.5%,"42,479 ",-58.8%,"95,753 ",23.3%,"41,590 ",-28.6%,"51,660 ",8.2%,"49,658 ",9.7%,"32,773 ",14.7%,"13,772 ",2.3%,,,"20,076 ",41.0%,,,,,"7,431 ",96.4%,"4,800 ",33.3%,"2,815 ",9.7%,745 ,-23.2%,,,,,,,"2,013 ",-16.0%,,
,10월,"2,153,847",-8.3%,"197,281 ",-65.5%,,,"361,113 ",19.0%,"151,047 ",14.4%,"158,380 ",29.4%,"48,079 ",-58.3%,"125,522 ",38.7%,"43,322 ",-28.1%,"56,598 ",5.0%,"48,241 ",1.0%,"34,880 ",15.2%,"16,917 ",5.4%,,,"21,997 ",39.8%,,," 11,640 ",33.8%,"8,949 ",21.4%,"5,000 ",16.3%,"4,587 ",19.9%,962 ,-9.8%,,,,,,,"3,035 ",-21.2%,,
,11월,"2,090,192",-9.0%,"205,042 ",-65.1%,,,"364,260 ",24.1%,"155,728 ",0.8%,"176,185 ",37.7%,"36,375 ",-72.4%,"139,472 ",38.4%,"42,968 ",-36.5%,"52,765 ",4.2%,"53,496 ",1.2%,"31,588 ",14.1%,"21,688 ",-2.7%,,,"16,026 ",14.5%,,,,,"9,597 ",4.1%,"4,900 ",11.4%,"3,851 ",-6.0%,971 ,-32.8%,,,,,,,"2,929 ",-35.4%,,
,12월,"2,342,310",-6.1%,"247,959 ",-63.6%,,,"424,736 ",30.9%,"184,839 ",5.4%,"203,965 ",16.8%,"35,023 ",-75.0%,"160,947 ",46.7%,"46,903 ",-39.3%,"49,219 ",16.6%,"63,248 ",18.9%,"34,543 ",15.1%,"29,539 ",-27.0%,,,"9,435 ",-25.5%,,,,,"10,328 ",3.9%,"2,500 ",8.7%,"3,632 ",8.6%,"1,477 ",12.7%,,,,,,,"3,038 ",-24.4%,,
2020년,1월,"2,513,030",-13.7%,"316,812 ",-59.4%,,,"468,423 ",20.4%,"200,808 ",-3.5%,"206,062 ",14.5%,"37,312 ",-77.4%,"153,319 ",30.9%,"43,108 ",-56.7%,"70,277 ",-3.3%,"84,734 ",13.0%,"38,830 ",15.5%,"37,206 ",-10.1%,"40,210 ",-80.2%,"18,660 ",12.0%,"32,302 ",-78.4%," 4,835 ",-34.5%,"19,363 ",-82.7%,"17,273 ",-71.4%,"2,721 ",-11.3%,"1,577 ",-26.3%,,,142 ,-89.9%,"6,825 ",-66.4%,"4,559 ",-10.4%,,
,2월,"1,046,779",-60.0%,"143,896 ",-79.9%,,,"321,967 ",-16.0%,"50,549 ",-72.6%,"115,943 ",-35.9%,"3,454 ",-97.6%,"22,475 ",-80.4%,"1,207 ",-98.6%,"16,195 ",-74.0%,"30,679 ",-52.3%,"25,223 ",-20.8%,"11,364 ",-63.4%,,,"13,576 ",-10.4%,,,,,,,,,"2,847 ",10.3%,835 ,-48.0%,,,,,,,"1,956 ",-28.2%,,
,3월,"143,366",-93.9%,"16,669 ",-97.2%,,,"28,699 ",-91.4%,"8,451 ",-94.2%,"14,751 ",-90.7%,281 ,-99.8%,714 ,-99.3%,100 ,-99.9%,"1,198 ",-97.5%,"3,158 ",-93.4%,"6,083 ",-77.5%,"3,081 ",-86.5%,,,305 ,-98.1%,,,,,,,,,154 ,-93.9%,87 ,-92.8%,,,,,,,290 ,-91.2%,,
,4월,"31,425",-98.6%,299 ,-99.9%,,,"20,952 ",-99.3%,0 ,-100.0%,79 ,-99.9%,27 ,-100.0%,122 ,-99.8%,0 ,-100.0%,9 ,-100.0%,3 ,-100.0%,193 ,-99.3%,174 ,-98.9%,,,149 ,-99.1%,,, 8 ,-100.0%,,,,,0 ,,0 ,-100.0%,,,,,,,0 ,,,
,5월,"37,802",-98.4%,18 ,-100.0%,,,,,0 ,-100.0%,32 ,-100.0%,44 ,-100.0%,110 ,-99.9%,1 ,-100.0%,8 ,-100.0%,0 ,-100.0%,168 ,-99.4%,363 ,-97.4%,,,11 ,-99.9%,,,,,,,,,0 ,,0 ,-100.0%,,,,,,,0 ,,,
,6월,"48,353",-98.1%,122 ,-100.0%,,,,,0 ,-100.0%,47 ,-100.0%,86 ,-99.9%,153 ,-99.8%,4 ,-100.0%,48 ,-99.9%,20 ,-100.0%,252 ,-99.2%,425 ,-97.0%,,,174 ,-99.0%,,,,,,,,,0 ,,0 ,-100.0%,,,,,,,0 ,,,
,7월,"65,936",-97.5%,294 ,-99.9%,,,,,0 ,-100.0%,202 ,-99.9%,104 ,-99.9%,322 ,-99.6%,0 ,-100.0%,262 ,-99.6%,162 ,-99.8%,469 ,-98.8%,556 ,-96.7%,,,482 ,-97.6%,,, 201 ,-99.7%,,,,,4 ,-99.8%,0 ,-100.0%,,,,,,,0 ,,,
,8월,"88,888",-96.3%,749 ,-99.8%,,,,,0 ,-100.0%,344 ,-99.8%,25 ,-100.0%,563 ,-99.4%,0 ,-100.0%,317 ,-99.5%,263 ,-99.6%,575 ,-98.5%,587 ,-96.6%,,,843 ,-95.3%,,,,,,,,,4 ,-99.8%,0 ,-100.0%,,,,,,,0 ,,,
,9월,"76,798",-96.3%,"1,426 ",-99.3%,,,,,0 ,-100.0%,236 ,-99.8%,37 ,-99.9%,429 ,-99.6%,1 ,-100.0%,215 ,-99.6%,345 ,-99.3%,644 ,-98.0%,658 ,-95.2%,,,802 ,-96.0%,,,,,,,,,14 ,-99.5%,0 ,-100.0%,,,,,,,10 ,-99.5%,,
,10월,"71,970",-96.7%,"2,021 ",-99.0%,,,,,10 ,-100.0%,323 ,-99.8%,24 ,-100.0%,319 ,-99.7%,0 ,-100.0%,277 ,-99.5%,174 ,-99.6%,907 ,-97.4%,592 ,-96.5%,,,521 ,-97.6%,,, 16 ,-99.9%,,,,,26 ,-99.4%,0 ,-100.0%,,,,,,,15 ,-99.5%,,
,11월,"70,686",-96.6%,"2,825 ",-98.6%,,,,,96 ,-99.9%,321 ,-99.8%,60 ,-99.8%,286 ,-99.8%,10 ,-100.0%,279 ,-99.5%,107 ,-99.8%,965 ,-96.9%,596 ,-97.3%,,,572 ,-96.4%,,,,,,,,,38 ,-99.0%,0 ,-100.0%,,,,,,,0 ,,,
,12월,"80,973",-96.5%,"2,808 ",-98.9%,,,,,314 ,-99.8%,537 ,-99.7%,24 ,-99.9%,378 ,-99.8%,2 ,-100.0%,437 ,-99.1%,105 ,-99.8%,"1,253 ",-96.4%,333 ,-98.9%,,,541 ,-94.3%,,,,,,,,,87 ,-97.6%,0 ,-100.0%,,,,,,,114 ,-96.2%,,
2021년,1월,"86,143",-96.6%,"2,535 ",-99.2%,,,"32,500 ",-96.1%,314 ,-99.8%,74 ,-100.0%,23 ,-99.9%,319 ,-99.8%,0 ,-100.0%,431 ,-99.4%,107 ,-99.9%,207 ,-99.5%,400 ,-98.9%,,,872 ,-95.3%,"13,330 ",-58.7%, 3 ,-99.9%,"1,080 ",-94.4%,848 ,-95.1%,68 ,-97.5%,0 ,-100.0%,,,,,"1,031 ",-84.9%,104 ,-97.7%,,
,2월,"68,213",-93.5%,910 ,-99.4%,,,,,241 ,-99.5%,571 ,-99.5%,29 ,-99.2%,282 ,-98.7%,0 ,-100.0%,385 ,-97.6%,109 ,-99.6%,676 ,-97.3%,381 ,-96.6%,,,462 ,-96.6%,,,,,,,,,94 ,-96.7%,5 ,-99.4%,,,,,,,75 ,-96.2%,,
,3월,"73,999",-48.4%,"1,956 ",-88.3%,,,,,388 ,-95.4%,407 ,-97.2%,11 ,-96.1%,310 ,-56.6%,1 ,-99.0%,405 ,-66.2%,188 ,-94.0%,842 ,-86.2%,343 ,-88.9%,,,520 ,70.5%,,,,,,,,,122 ,-20.8%,7 ,-92.0%,,,,,,,115 ,-60.3%,,
,4월,"71,302",126.9%,"1,076 ",259.9%,,,,,373 ,-,129 ,63.3%,25 ,-7.4%,390 ,219.7%,0 ,-,271 ,2911.1%,178 ,5833.3%,"1,119 ",479.8%,257 ,47.7%,,,444 ,198.0%,,, 421 ,5162.5%,,,,,89 ,,2 ,,,,,,,,83 ,,,
,5월,"75,416",99.5%,950 ,5177.8%,,,,,322 ,-,466 ,1356.3%,26 ,-40.9%,231 ,110.0%,0 ,-,170 ,2025.0%,135 ,,799 ,375.6%,195 ,-46.3%,,,512 ,4554.5%,,,,,,,,,75 ,,1 ,,,,,,,,12 ,,,
,6월,"79,446",64.3%,835 ,584.4%,,,,,267 ,-,426 ,806.4%,27 ,-68.6%,78 ,-49.0%,2 ,-50.0%,98 ,104.2%,96 ,380.0%,813 ,222.6%,257 ,-39.5%,,,794 ,356.3%,,,,,,,,,57 ,,0 ,,,,,,,,32 ,,,
,7월,"101,963",54.6%,"1,808 ",515.0%,,,,,365 ,-,525 ,159.9%,19 ,-81.7%,117 ,-63.7%,5 ,,202 ,-22.9%,125 ,-22.8%,280 ,-40.3%,338 ,-39.2%,,,"1,599 ",231.7%,,, 604 ,200.5%,,,,,141 ,3425.0%,2 ,,,,,,,,58 ,,,
,8월,"137,712",54.9%,"1,647 ",119.9%,,,,,264 ,-,656 ,90.7%,67 ,168.0%,275 ,-51.2%,2 ,,373 ,17.7%,238 ,-9.5%,164 ,-71.5%,380 ,-35.3%,,,"1,549 ",83.7%,,,,,,,,,183 ,4475.0%,3 ,,,,,,,,64 ,,,
,9월,"116,615",51.8%,"2,224 ",56.0%,,,,,311 ,-,663 ,180.9%,82 ,121.6%,371 ,-13.5%,1 ,0.0%,519 ,141.4%,248 ,-28.1%,364 ,-43.5%,438 ,-33.4%,,,"1,160 ",44.6%,,,,,,,,,597 ,4164.3%,11 ,,,,,,,,121 ,1110.0%,,
,10월,"124,399",72.8%,"1,921 ",-4.9%,,,,,492 ,4820.0%,730 ,126.0%,130 ,441.7%,279 ,-12.5%,2 ,,485 ,75.1%,372 ,113.8%,"1,281 ",41.2%,445 ,-24.8%,,,"1,907 ",266.0%,,," 1,284 ",7925.0%,,,,,"1,241 ",4673.1%,76 ,,,,,,,,196 ,1206.7%,,
,11월,"147,907",109.2%,"2,021 ",-28.5%,,,,,"4,171 ",4244.8%,827 ,157.6%,131 ,118.3%,227 ,-20.6%,3 ,-70.0%,"1,600 ",473.5%,354 ,230.8%,"1,681 ",74.2%,"1,119 ",87.8%,,,"2,937 ",413.5%,,,,,,,,,"2,582 ",6694.7%,162 ,,,,,,,,229 ,,,
,12월,"139,426",72.2%,"1,064 ",-62.1%,,,,,"4,569 ",1355.1%,982 ,82.9%,56 ,133.3%,286 ,-24.3%,6 ,200.0%,"2,187 ",400.5%,878 ,736.2%,"1,271 ",1.4%,"1,521 ",356.8%,,,"2,450 ",352.9%,,,,,,,,,"1,600 ",1739.1%,120 ,,,,,,,,174 ,52.6%,,
2022년,1월,"147,434",71.2%,"1,264 ",-50.1%,,,"3,564 ",,"2,150 ",584.7%,,,15 ,-34.8%,280 ,-12.2%,11 ,,"1,953 ",353.1%,757 ,607.5%,"1,110 ",436.2%,"1,331 ",232.8%,,,"2,796 ",220.6%,"49,423 ",270.8%," 1,437 ",47800.0%,"6,854 ",534.6%,,,990 ,1355.9%,104 ,,,,,,,,209 ,101.0%,,
,2월,"112,722",65.3%,913 ,0.3%,,,"5,079 ",,"2,369 ",883.0%,"10,176 ",1682.1%,20 ,-31.0%,361 ,28.0%,8 ,,"1,972 ",412.2%,407 ,273.4%,"1,214 ",79.6%,"1,265 ",232.0%,,,"2,016 ",336.4%,,,,,,,200 ,,633 ,573.4%,117 ,2240.0%,,,,,,,163 ,117.3%,,
,3월,"145,503",96.6%,"6,694 ",242.2%,,,"5,974 ",,"3,539 ",812.1%,"4,829 ",1086.5%,4 ,-63.6%,400 ,29.0%,3 ,200.0%,"2,686 ",563.2%,512 ,172.3%,"1,637 ",94.4%,"1,730 ",404.4%,,,"2,925 ",462.5%,,,,,,,500 ,,"1,270 ",941.0%,200 ,2757.1%,,,,,,,247 ,114.8%,,
,4월,"215,246",201.9%,"7,699 ",615.5%,,,"14,025 ",,"8,720 ",2237.8%,"10,206 ",7811.6%,26 ,4.0%,423 ,8.5%,8 ,,"5,578 ",1958.3%,"3,908 ",2095.5%,"3,100 ",177.0%,"3,134 ",1119.5%,,,"5,234 ",1078.8%,,," 7,404 ",1658.7%,,,500 ,,"2,515 ",2725.8%,151 ,7450.0%,,,,,,,448 ,439.8%,,
,5월,"315,945",318.9%,"8,805 ",826.8%,,,"27,859 ",,"16,184 ",4926.1%,"15,624 ",3252.8%,164 ,530.8%,482 ,108.7%,7 ,,"10,614 ",6143.5%,"6,339 ",4595.6%,"5,480 ",585.9%,"4,135 ",2020.5%,,,"8,763 ",1611.5%,,,,,,,700 ,,"4,105 ",5373.3%,63 ,6200.0%,,,,,,,362 ,2916.7%,,
,6월,"412,798",419.6%,"11,168 ",1237.5%,,,"51,363 ",,"25,702 ",9526.2%,"25,111 ",5794.6%,163 ,503.7%,563 ,621.8%,1 ,-50.0%,"16,724 ",16965.3%,"9,203 ",9486.5%,"7,970 ",880.3%,"4,637 ",1704.3%,,,"9,221 ",1061.3%,,,,,,,"1,100 ",,"3,406 ",5875.4%,102 ,,,,,,,,335 ,946.9%,,
,7월,"674,022",561.0%,"20,384 ",1027.4%,,,"88,335 ",,"59,226 ",16126.3%,"55,054 ",10386.5%,205 ,978.9%,"1,146 ",879.5%,3 ,-40.0%,"28,570 ",14043.6%,"21,141 ",16812.8%,"12,942 ",4522.1%,"6,794 ",1910.1%,,,"11,394 ",612.6%,,," 36,462 ",5936.8%,,,"1,100 ",,"2,744 ",1846.1%,87 ,4250.0%,,,,,,,558 ,862.1%,,
,8월,"702,153",409.9%,"28,515 ",1631.3%,,,"173,599 ",,"66,573 ",25117.0%,"55,573 ",8371.5%,370 ,452.2%,"1,621 ",489.5%,47 ,2250.0%,"31,174 ",8257.6%,"20,194 ",8384.9%,"13,629 ",8210.4%,"6,779 ",1683.9%,,,"10,372 ",569.6%,,,,,,,900 ,,"2,398 ",1210.4%,111 ,3600.0%,,,,,,,574 ,796.9%,,
,9월,"619,954",431.6%,"32,764 ",1373.2%,,,"119,636 ",,"58,552 ",18727.0%,"43,695 ",6490.5%,496 ,504.9%,"1,357 ",265.8%,261 ,26000.0%,"26,520 ",5009.8%,"15,469 ",6137.5%,"14,651 ",3925.0%,"6,599 ",1406.6%,,,"12,349 ",964.6%,,,,,,,"1,500 ",,"3,634 ",508.7%,138 ,1154.5%,,,,,,,810 ,569.4%,,
,10월,"773,480",521.8%,"122,959 ",6300.8%,,,"130,185 ",,"73,225 ",14783.1%,"49,065 ",6621.2%,"1,421 ",993.1%,"4,841 ",1635.1%,862 ,43000.0%,"28,294 ",5733.8%,"18,166 ",4783.3%,"18,294 ",1328.1%,"6,774 ",1422.2%,,,"14,726 ",672.2%,,," 8,079 ",529.2%,,,"2,400 ",,"5,654 ",355.6%,211 ,177.6%,,,,,,,"1,371 ",599.5%,,
,11월,"1,041,431",604.1%,"315,421 ",15507.2%,,,"144,258 ",,"92,009 ",2105.9%,"64,882 ",7745.5%,"2,161 ",1549.6%,"13,148 ",5692.1%,208 ,6833.3%,"31,627 ",1876.7%,"20,371 ",5654.5%,"19,160 ",1039.8%,"8,847 ",690.6%,,,"10,487 ",257.1%,,,,,,,"1,900 ",,"4,906 ",90.0%,237 ,46.3%,,,,,,,"1,670 ",629.3%,,
,12월,"1,393,343",899.3%,"456,165 ",42772.7%,,,"201,489 ",,"130,517 ",2756.6%,"93,799 ",9451.8%,"3,391 ",5955.4%,"26,858 ",9290.9%,330 ,5400.0%,"31,817 ",1354.8%,"29,917 ",3307.4%,"22,086 ",1637.7%,"12,015 ",689.9%,,,"9,586 ",291.3%,,,,,,,"1,700 ",,"3,693 ",130.8%,322 ,168.3%,,,,,,,"1,493 ",758.0%,,
2023년,1월,"1,782,313",1108.9%,"565,251 ",44619.2%,,,"258,946 ",7165.6%,"169,462 ",7782.0%,"127,703 ",,"7,159 ",47626.7%,"36,374 ",12890.7%,"2,362 ",21372.7%,"60,457 ",2995.6%,"48,312 ",6282.0%,"27,405 ",2368.9%,"20,636 ",1450.4%,,,"14,075 ",403.4%,"97,726 ",97.7%,"2,343 ",-,,,"4,300 ",,"3,087 ",211.8%,450 ,332.7%,,,,,,,"2,198 ",951.7%,,
,2월,"1,724,880",1430.2%,"568,622 ",62180.6%,,,"301,343 ",5833.1%,"157,440 ",6545.8%,"128,131 ",1159.1%,"14,570 ",72750.0%,"59,022 ",16249.6%,"3,512 ",43800.0%,"64,876 ",3189.9%,"40,591 ",9873.2%,"24,817 ",1944.2%,"18,886 ",1393.0%,,,"12,659 ",527.9%,,,"2,494 ",-,,,"6,300 ",3050.0%,"3,266 ",416.0%,508 ,334.2%,,,,,,,"3,246 ",1891.4%,,
,3월,"1,472,193",911.8%,"466,810 ",6873.6%,,,"250,649 ",4095.7%,"115,038 ",3150.6%,"108,085 ",2138.2%,"20,332 ",508200.0%,"52,297 ",12974.3%,"4,851 ",161600.0%,"35,396 ",1217.8%,"29,698 ",5700.4%,"21,512 ",1214.1%,"13,056 ",654.7%,,,"7,974 ",172.6%,,,"2,866 ",-,,,"4,900 ",880.0%,"2,810 ",121.3%,479 ,139.5%,,,,,,,"2,640 ",968.8%,,
,4월,"1,497,105",595.5%,"466,987 ",5965.6%,,,"259,357 ",1749.2%,"95,830 ",999.0%,"95,351 ",834.3%,"22,728 ",87315.4%,"59,188 ",13892.4%,"8,095 ",101087.5%,"31,780 ",469.7%,"24,677 ",531.4%,"18,436 ",494.7%,"11,520 ",267.6%,,,"9,600 ",83.4%,,,"3,977 ",-,,,"3,000 ",500.0%,"2,994 ",19.0%,469 ,210.6%,,,,,,,"1,544 ",244.6%,,
,5월,"1,683,022",432.7%,"515,717 ",5757.1%,,,"247,538 ",788.5%,"103,031 ",536.6%,"99,636 ",537.7%,"26,445 ",16025.0%,"58,098 ",11953.5%,"13,057 ",186428.6%,"39,203 ",269.4%,"27,298 ",330.6%,"26,271 ",379.4%,"11,438 ",176.6%,,,"12,104 ",38.1%,,,"7,377 ",-,,,"3,800 ",442.9%,"2,864 ",-30.2%,498 ,690.5%,,,,,,,"1,039 ",187.0%,,
,6월,"1,771,962",329.3%,"545,089 ",4780.8%,,,"284,350 ",453.6%,"122,278 ",375.8%,"117,739 ",368.9%,"25,567 ",15585.3%,"47,970 ",8420.4%,"14,458 ",1445700.0%,"40,187 ",140.3%,"18,208 ",97.8%,"27,036 ",239.2%,"11,420 ",146.3%,,,"13,758 ",49.2%,,,"17,940 ",-,,,"2,700 ",145.5%,"2,306 ",-32.3%,516 ,405.9%,,,,,,,888 ,165.1%,,
,7월,"2,153,857",219.6%,"626,830 ",2975.1%,,,"286,126 ",223.9%,"150,385 ",153.9%,"141,166 ",156.4%,"29,824 ",14448.3%,"47,795 ",4070.6%,"19,740 ",657900.0%,"60,960 ",113.4%,"36,610 ",73.2%,"38,225 ",195.4%,"14,772 ",117.4%,,,"15,344 ",34.7%,,,"32,948 ",-,,,"2,600 ",136.4%,"1,891 ",-31.1%,628 ,621.8%,,,,,,,"1,375 ",146.4%,,
,8월,"2,093,236",198.1%,"569,092 ",1895.8%,,,"385,904 ",122.3%,"146,387 ",119.9%,"135,951 ",144.6%,"34,864 ",9322.7%,"51,087 ",3051.6%,"22,871 ",48561.7%,"62,177 ",99.5%,"44,537 ",120.5%,"36,342 ",166.7%,"13,671 ",101.7%,,,"13,495 ",30.1%,,,"35,180 ",-,,,"2,600 ",188.9%,"1,939 ",-19.1%,666 ,500.0%,,,,,,,"1,099 ",91.5%,,
,9월,"2,017,157",225.4%,"570,369 ",1640.8%,,,"310,627 ",159.6%,"133,135 ",127.4%,"114,064 ",161.0%,"42,566 ",8481.9%,"67,449 ",4870.4%,"22,283 ",8437.5%,"48,187 ",81.7%,"31,075 ",100.9%,"36,069 ",146.2%,"10,333 ",56.6%,,,"17,492 ",41.6%,,,"20,030 ",-,,,,,"3,206 ",-11.8%,656 ,375.4%,,,,,,,"2,018 ",149.1%,,
,10월,"2,042,703",164.1%,"631,124 ",413.3%,,,"321,171 ",146.7%,"128,215 ",75.1%,"114,135 ",132.6%,"49,028 ",3350.2%,"75,498 ",1459.6%,"25,647 ",2875.3%,"45,621 ",61.2%,"30,254 ",66.5%,"31,018 ",69.6%,"12,922 ",90.8%,,,"17,827 ",21.1%,,," 9,005 ",-,,,,,"3,828 ",-32.3%,604 ,186.3%,,,,,,,"2,449 ",78.6%,,
,11월,"2,061,646",98.0%,"649,877 ",106.0%,,,"316,839 ",119.6%,"147,198 ",60.0%,"117,736 ",81.5%,"62,469 ",2790.7%,"85,891 ",553.3%,"30,159 ",14399.5%,"42,614 ",34.7%,"27,473 ",34.9%,"29,216 ",52.5%,"13,655 ",54.3%,,,"12,422 ",18.5%,,," 3,665 ",-,,,,,"4,207 ",-14.2%,867 ,265.8%,,,,,,,"2,885 ",72.8%,,
,12월,"2,415,767",73.4%,"782,726 ",71.6%,,,"372,212 ",84.7%,"191,643 ",46.8%,"151,161 ",61.2%,"74,300 ",2091.1%,"105,216 ",291.7%,"37,569 ",11284.5%,"39,198 ",23.2%,"42,120 ",40.8%,"30,838 ",39.6%,"17,862 ",48.7%,,,"12,289 ",28.2%,,," 3,595 ",-,,,,,"3,926 ",6.3%,957 ,197.2%,,,,,,,"2,362 ",58.2%,,
2024년,1월,"2,770,866",55.5%,"857,039 ",51.6%,,,"417,576 ",61.3%,"222,571 ",31.3%,"174,030 ",36.3%,"100,516 ",1304.1%,"113,490 ",212.0%,"50,552 ",2040.2%,"79,254 ",31.1%,"69,247 ",43.3%,"39,195 ",43.0%,"29,429 ",42.6%,,,"15,483 ",10.0%,,,"3,818 ",63.0%,,,,,"3,132 ",1.5%,"1,677 ",272.7%,,,,,,,,,,
,2월,"2,512,109",45.6%,"818,562 ",44.0%,,,"426,506 ",41.5%,"189,727 ",20.5%,"155,039 ",21.0%,"85,201 ",484.8%,"110,310 ",86.9%,"41,844 ",1091.5%,"69,112 ",6.5%,"43,358 ",6.8%,"33,617 ",35.5%,"23,047 ",22.0%,,,"13,608 ",7.5%,,,"3,902 ",56.5%,,,,,"2,731 ",-16.4%,830 ,63.4%,,,,,,,,,,
,3월,"2,141,992",45.5%,"663,102 ",42.0%,,,"388,795 ",55.1%,"146,575 ",27.4%,"128,703 ",19.1%,"67,330 ",231.2%,"93,970 ",79.7%,"37,123 ",665.3%,"42,064 ",18.8%,"31,779 ",7.0%,"24,972 ",16.1%,"14,022 ",7.4%,,,"13,655 ",71.2%,,,"3,550 ",23.9%,,,,,"2,834 ",0.9%,861 ,79.7%,,,,,,,,,,
,4월,"2,110,954",41.0%,"661,259 ",41.6%,,,"367,939 ",41.9%,"120,608 ",25.9%,"112,727 ",18.2%,"64,102 ",182.0%,"69,277 ",17.0%,"37,493 ",363.2%,"37,346 ",17.5%,"27,066 ",9.7%,"28,160 ",52.7%,"11,963 ",3.8%,,,"16,369 ",70.5%,,,"5,321 ",33.8%,,,,,"3,632 ",21.3%,637 ,35.8%,,,,,,,,,,
,5월,"2,268,310",34.8%,"738,872 ",43.3%,,,"351,246 ",41.9%,"124,093 ",20.4%,"110,780 ",11.2%,"56,533 ",113.8%,"71,480 ",23.0%,"33,999 ",160.4%,"39,825 ",1.6%,"26,726 ",-2.1%,"32,031 ",21.9%,"10,632 ",-7.0%,,,"20,199 ",66.9%,,,"14,492 ",96.4%,,,,,"2,763 ",-3.5%,571 ,14.7%,,,,,,,,,,
,6월,"2,219,151",25.2%,"703,277 ",29.0%,,,"329,617 ",15.9%,"131,409 ",7.5%,"110,073 ",-6.5%,"47,453 ",85.6%,"51,944 ",8.3%,"30,848 ",113.4%,"39,496 ",-1.7%,"34,535 ",89.7%,"33,439 ",23.7%,"12,342 ",8.1%,,,"19,704 ",43.2%,,,"31,238 ",74.1%,,,,,"2,340 ",1.5%,579 ,12.2%,,,,,,,,,,
,7월,"2,501,969",16.2%,"757,679 ",20.9%,,,"309,151 ",8.0%,"157,909 ",5.0%,"140,078 ",-0.8%,"48,059 ",61.1%,"51,873 ",8.5%,"32,825 ",66.3%,"57,398 ",-5.8%,"48,437 ",32.3%,"46,697 ",22.2%,"15,788 ",6.9%,,,"18,280 ",19.1%,,,"43,167 ",31.0%,,,,,"2,280 ",20.6%,"1,009 ",60.7%,,,,,,,,,,
,8월,"2,359,550",12.7%,"612,172 ",7.6%,,,"421,158 ",9.1%,"156,152 ",6.7%,"145,436 ",7.0%,"60,049 ",72.2%,"61,700 ",20.8%,"36,923 ",61.4%,"60,986 ",-1.9%,"47,615 ",6.9%,"42,835 ",17.9%,"15,063 ",10.2%,,,"17,419 ",29.1%,,,"47,560 ",35.2%,,,,,"1,767 ",-8.9%,698 ,4.8%,,,,,,,,,,
,9월,"2,311,792",14.6%,"656,753 ",15.1%,,,"355,712 ",14.5%,"133,741 ",0.5%,"118,978 ",4.3%,"65,074 ",52.9%,"75,658 ",12.2%,"39,890 ",79.0%,"44,886 ",-6.9%,"33,651 ",8.3%,"38,321 ",6.2%,"12,007 ",16.2%,,,"22,135 ",26.5%,,,"24,248 ",21.1%,,,,,"2,676 ",-16.5%,608 ,-7.3%,,,,,,,,,,
,10월,"2,382,464",16.6%,"732,167 ",16.0%,,,"367,022 ",14.3%,"142,327 ",11.0%,"119,547 ",4.7%,"78,822 ",60.8%,"84,871 ",12.4%,"47,069 ",83.5%,"42,088 ",-7.7%,"34,992 ",15.7%,"36,783 ",18.6%,"13,346 ",3.3%,,,"21,175 ",18.8%,,," 8,513 ",-5.5%,,,,,"4,257 ",11.2%,876 ,45.0%,,,,,,,,,,
,11월,"2,391,140",16.0%,"749,506 ",15.3%,,,"399,150 ",26.0%,"154,509 ",5.0%,"118,915 ",1.0%,"85,029 ",36.1%,"100,518 ",17.0%,"48,594 ",61.1%,"39,600 ",-7.1%,"34,695 ",26.3%,"37,627 ",28.8%,"16,047 ",17.5%,,,"14,833 ",19.4%,,," 3,783 ",3.2%,,,,,"4,107 ",-2.4%,"1,188 ",37.0%,,,,,,,,,,
,12월,"2,716,138",12.4%,"867,377 ",10.8%,,,"435,069 ",16.9%,"189,324 ",-1.2%,"133,042 ",-12.0%,"96,705 ",30.2%,"124,944 ",18.8%,"55,024 ",46.5%,"42,842 ",9.3%,"43,714 ",3.8%,"42,298 ",37.2%,"18,619 ",4.2%,,,"14,073 ",14.5%,,," 3,506 ",-2.5%,,,,,"3,876 ",-1.3%,"1,266 ",32.3%,,,,,,,,,,
2025년,1월,"2,972,916",7.3%,"967,100 ",12.8%,,,"417,116 ",-0.1%,"209,065 ",-6.1%,"161,362 ",-7.3%,"126,739 ",26.1%,"118,086 ",4.0%,"65,659 ",29.9%,"79,301 ",0.1%,"63,535 ",9.8%,"47,814 ",22.0%,"27,689 ",-5.9%,,,"17,886 ",15.5%,,,"3,537 ",-7.4%,,,,,"3,622 ",15.6%,"2,149 ",28.1%,,,,,,,,,,
,2월,"2,625,634",4.5%,"847,358 ",3.5%,,,"468,026 ",9.7%,"168,090 ",-11.4%,"132,634 ",-14.5%,"121,523 ",42.6%,"108,815 ",-1.4%,"59,330 ",41.8%,"72,219 ",4.5%,"45,920 ",5.9%,"39,362 ",17.1%,"23,067 ",0.1%,,,"15,063 ",10.7%,,,"3,636 ",-6.8%,,,,,"3,141 ",15.0%,"1,471 ",77.2%,,,,,,,,,,
,3월,"2,197,971",2.6%,"691,725 ",4.3%,,,"374,989 ",-3.6%,"120,775 ",-17.6%,"100,284 ",-22.1%,"90,102 ",33.8%,"90,380 ",-3.8%,"47,266 ",27.3%,"38,446 ",-8.6%,"35,377 ",11.3%,"27,278 ",9.2%,"12,299 ",-12.3%,,,"13,862 ",1.5%,,,"2,879 ",-18.9%,,,,,"2,910 ",2.7%,963 ,11.8%,,,,,,,,,,
,4월,"2,149,577",1.8%,"721,672 ",9.1%,,,"326,140 ",-11.4%,"84,455 ",-30.0%,"73,314 ",-35.0%,"62,155 ",-3.0%,"80,634 ",16.4%,"37,215 ",-0.7%,"32,026 ",-14.2%,"24,619 ",-9.0%,"33,281 ",18.2%,"10,706 ",-10.5%,,,"18,408 ",12.5%,,,"6,459 ",21.4%,,,,,"2,896 ",-20.3%,584 ,-8.3%,,,,,,,,,,
,5월,"2,391,130",5.4%,"825,883 ",11.8%,,,"318,572 ",-9.3%,"91,178 ",-26.5%,"84,527 ",-23.7%,"73,233 ",29.5%,"91,082 ",27.4%,"41,765 ",22.8%,"39,936 ",0.3%,"30,286 ",13.3%,"38,581 ",20.4%,"10,090 ",-5.1%,,,"22,045 ",9.1%,,,"14,349 ",-1.0%,,,,,"2,414 ",-12.6%,544 ,-4.7%,,,,,,,,,,
,6월,"2,226,396",0.3%,"729,860 ",3.8%,,,"303,130 ",-8.0%,"98,544 ",-25.0%,"87,835 ",-20.2%,"52,364 ",10.3%,"48,230 ",-7.2%,"30,916 ",0.2%,"36,354 ",-8.0%,"30,766 ",-10.9%,"41,529 ",24.2%,"10,121 ",-18.0%,,,"19,600 ",-0.5%,,,"29,803 ",-4.6%,,,,,"2,136 ",-8.7%,660 ,14.0%,,,,,,,,,,
,7월,"2,435,291",-2.7%,"678,600 ",-10.4%,,,"317,070 ",2.6%,"130,259 ",-17.5%,"118,230 ",-15.6%,"50,770 ",5.6%,"50,248 ",-3.1%,"32,288 ",-1.6%,"59,416 ",3.5%,"49,636 ",2.5%,"54,261 ",16.2%,"12,714 ",-19.5%,,,"17,689 ",-3.2%,,,"39,101 ",-9.4%,,,,,"1,851 ",-18.8%,932 ,-7.6%,,,,,,,,,,
,8월,"2,422,218",2.7%,"660,900 ",8.0%,,,"384,167 ",-8.8%,"133,995 ",-14.2%,"118,639 ",-18.4%,"55,884 ",-6.9%,,,"35,177 ",-4.7%,"64,983 ",6.6%,"46,857 ",-1.6%,"49,382 ",15.3%,,,,,"17,565 ",0.8%,,,"42,667 ",-10.3%,,,,,"1,616 ",-8.5%,808 ,15.8%,,,,,,,,,,
,9월,"2,235,874",-3.3%,"670,500 ",2.1%,,,"328,530 ",-7.6%,"101,672 ",-24.0%,"78,086 ",-34.4%,"49,789 ",-23.5%,,,"32,878 ",-17.6%,"35,676 ",-20.5%,,,,,,,,,"24,239 ",9.5%,,,"21,350 ",-12.0%,,,,,"2,504 ",-6.4%,567 ,-6.7%,,,,,,,,,,
,10월,,,,,,,,,,,,,,,,,,,,,,,,,,,,,,,,,,,,,,,,,,,,,,,,,,,,
,11월,,,,,,,,,,,,,,,,,,,,,,,,,,,,,,,,,,,,,,,,,,,,,,,,,,,,
,12월,,,,,,,,,,,,,,,,,,,,,,,,,,,,,,,,,,,,,,,,,,,,,,,,,,,,
2000년,누계,"5,508,242 ",26.9%,"1,064,390 ",,"1,344,721 ",,,,"448,207 ",,,,,,"83,729 ",,,,"354,353 ",,,,"181,032 ",,,,,,,,"23,411 ",,"7,899 ",,,,,,,,,,171 ,-,,,"3,576 ",,"8,880 ",65.4%,-,-
2001년,누계,"6,084,476 ",10.5%,"1,133,971 ",6.5%,"1,678,836 ",24.8%,,,"553,441 ",23.5%,,,,,"85,744 ",2.4%,"48,274 ",6.5%,"359,083 ",1.3%,,,"211,220 ",,,,,,,,"27,150 ",16.0%,"10,028 ",,,,,,,,,,327 ,91.2%,34 ,,"2,450 ",-31.5%,"11,568 ",30.3%,-,-
2002년,누계,"7,123,407 ",17.1%,"1,271,835 ",12.2%,"2,124,310 ",26.5%,,,"717,361 ",29.6%,,,"457,438 ",,"83,624 ",-2.5%,"50,447 ",4.5%,"371,018 ",3.3%,,,"218,155 ",,,,,,,,"29,374 ",8.2%,"14,474 ",,,,,,,,,,146 ,-55.4%,44 ,29.4%,"4,333 ",76.9%,"8,798 ",-23.9%,-,-
2003년,누계,"7,086,133 ",-0.5%,"1,459,333 ",14.7%,"1,945,500 ",-8.4%,,,"695,034 ",-3.1%,,,"368,176 ",-19.5%,"92,893 ",11.1%,"38,281 ",-24.1%,"261,394 ",-29.5%,,,"190,630 ",-12.6%,,,,,,,"35,584 ",21.1%,"17,166 ",,,,,,,,,,25 ,-82.9%,13 ,-70.5%,"7,584 ",75.0%,"13,200 ",50.0%,-,-
2004년,누계,"8,825,585 ",24.5%,"1,588,472 ",8.8%,"2,844,893 ",46.2%,"232,995 ",,"910,891 ",31.1%," 378,602 ",,"539,190 ",46.4%,"148,095 ",59.4%,"65,631 ",71.4%,"361,079 ",38.1%,"91,270 ",,"246,545 ",29.3%,,,"7,274 ",,,,"47,835 ",34.4%,"26,602 ",,,,"18,503 ",,,,,,12 ,-52.0%,10 ,-23.1%,"9,571 ",26.2%,"10,827 ",-18.0%,-,-
2005년,누계,"10,080,143 ",14.2%,"1,747,171 ",10.0%,"3,542,785 ",24.5%,"317,213 ",36.1%,"816,501 ",-10.4%," 489,465 ",29.3%,"642,480 ",19.2%,"182,517 ",23.2%,"120,739 ",84.0%,"364,073 ",0.8%,"158,177 ",73.3%,"263,356 ",6.8%,,,"9,189 ",26.3%,,," 49,895 ",4.3%," 30,787 ",,,,"25,888 ",39.9%,,,,,51 ,325.0%,61 ,510.0%,"8,706 ",-9.0%,"10,300 ",-4.9%,-,-
2006년,누계,"11,609,879 ",15.2%,"2,117,325 ",21.2%,"3,922,017 ",10.7%,"421,804 ",33.0%,"1,092,783 ",33.8%," 572,133 ",16.9%,"718,758 ",11.9%,"196,260 ",7.5%,"162,709 ",34.8%,"454,722 ",24.9%,"189,464 ",19.8%,"298,228 ",13.2%," 285,353 ",,"10,963 ",19.3%,,," 70,407 ",41.1%," 55,523 ",80.3%,"18,265 ",,"28,035 ",8.3%,"16,157 ",,"5,298 ",,48 ,-5.9%,60 ,-1.6%,"11,824 ",35.8%,"12,917 ",25.4%,881 ,-
2007년,누계,"13,324,977 ",14.8%,"2,600,694 ",22.8%,"4,776,752 ",21.8%,"486,374 ",15.3%,"1,083,652 ",-0.8%," 653,310 ",14.2%,"876,231 ",21.9%,"225,814 ",15.1%,"225,417 ",38.5%,"464,292 ",2.1%,"224,867 ",18.7%,"337,246 ",13.1%," 329,909 ",,"13,060 ",19.1%,,," 84,583 ",20.1%," 43,930 ",-20.9%,"13,821 ",-24.3%,"33,836 ",20.7%,"20,976 ",29.8%,"4,870 ",-8.1%,133 ,177.1%,172 ,186.7%,"12,811 ",8.3%,"20,475 ",58.5%,"1,242 ",41.0%
2008년,누계,"11,996,094 ",-10.0%,"2,382,397 ",-8.4%,"3,960,392 ",-17.1%,"449,237 ",-7.6%,"888,344 ",-18.0%," 611,629 ",-6.4%,"904,320 ",3.2%,"252,973 ",12.0%,"279,794 ",24.1%,"423,018 ",-8.9%,"267,461 ",18.9%,"337,146 ",0.0%," 266,525 ",-19.2%,"18,065 ",38.3%,"119,500 ",," 79,533 ",-6.0%," 43,396 ",-1.2%,"12,369 ",-10.5%,"37,601 ",11.1%,"20,934 ",-0.2%,"4,300 ",-11.7%,0 ,-100.0%,97 ,-43.6%,"14,530 ",13.4%,"35,166 ",71.8%,"1,053 ",-15.2%
2009년,누계,"9,494,111 ",-20.9%,"1,586,772 ",-33.4%,"3,197,500 ",-19.3%,"362,115 ",-19.4%,"618,227 ",-30.4%," 497,936 ",-18.6%,"618,694 ",-31.6%,"170,646 ",-32.5%,"204,767 ",-26.8%,"271,987 ",-35.7%,"227,312 ",-15.0%,"255,548 ",-24.2%," 197,725 ",-25.8%,"17,876 ",-1.0%,"89,148 ",-25.4%," 70,485 ",-11.4%," 38,272 ",-11.8%,"12,508 ",1.1%,"20,900 ",-44.4%,"16,126 ",-23.0%,"3,695 ",-14.1%,60 ,60.0%,49 ,-49.5%,"9,119 ",-37.2%,"16,145 ",-54.1%,"1,023 ",-2.8%
2010년,누계,"12,488,364 ",31.5%,"2,439,816 ",53.8%,"4,076,400 ",27.5%,"495,902 ",36.9%,"805,445 ",30.3%,"740,622 ",48.7%,"891,024 ",44.0%,"223,940 ",31.2%,"331,768 ",62.0%,"360,703 ",32.6%,"264,052 ",16.2%,"281,785 ",10.3%,"289,702 ",46.5%,"27,312 ",52.8%,"123,315 ",38.3%," 95,586 ",35.6%," 42,231 ",10.3%,"18,930 ",51.3%,"38,300 ",83.3%,"24,808 ",53.8%,"4,426 ",19.8%,143 ,138.3%,182 ,271.4%,"13,479 ",47.8%,"20,320 ",25.9%,943 ,-7.8%
2011년,누계,"12,693,733 ",1.6%,"1,658,073 ",-32.0%,"4,185,400 ",2.7%,"535,700 ",8.0%,"1,006,283 ",24.9%,"925,204 ",24.9%,"1,020,996 ",14.6%,"246,149 ",9.9%,"398,807 ",20.2%,"414,879 ",15.0%,"263,428 ",-0.2%,"302,184 ",7.2%,"342,810 ",18.3%,"34,716 ",27.1%,"149,943 ",21.6%," 108,680 ",13.7%," 43,994 ",4.2%,"22,524 ",19.0%,"31,800 ",-17.0%,"25,285 ",1.9%,"5,485 ",23.9%,290 ,102.8%,407 ,123.6%,"17,859 ",32.5%,"24,488 ",20.5%,316 ,-66.5%
2012년,누계,"13,736,976 ",8.2%,"2,042,775 ",23.2%,"4,069,800 ",-2.8%,"700,917 ",30.8%,"1,163,619 ",15.6%,"1,031,155 ",11.5%,"1,078,458 ",5.6%,"262,340 ",6.6%,"444,773 ",11.5%,"445,184 ",7.3%,"283,977 ",7.8%,"303,856 ",0.6%,"411,491 ",20.0%,"53,829 ",55.1%,"159,084 ",6.1%," 109,469 ",0.7%," 44,360 ",0.8%,"34,805 ",54.5%,"32,200 ",1.3%,"23,933 ",-5.3%,"7,838 ",42.9%,81 ,-72.1%,630 ,54.8%,"18,225 ",2.0%,"26,004 ",6.2%,241 ,-23.7%
2013년,누계,"14,846,485 ",8.1%,"2,456,165 ",20.2%,"3,969,000 ",-2.5%,"748,727 ",6.8%,"1,295,342 ",11.3%,"1,165,789 ",13.1%,"1,130,693 ",4.8%,"355,473 ",35.5%,"474,269 ",6.6%,"471,768 ",6.0%,"274,622 ",-3.3%,"324,560 ",6.8%,"435,009 ",5.7%,"81,799 ",52.0%,"187,040 ",17.6%," 112,619 ",2.9%," 45,178 ",1.8%,"54,934 ",57.8%,"28,000 ",-13.0%,"30,306 ",26.6%,"12,207 ",55.7%,0 ,-100.0%,596 ,-5.4%,"18,683 ",2.5%,"19,715 ",-24.2%,282 ,17.0%
2014년,누계,"16,080,684 ",8.3%,"2,755,313 ",12.2%,"4,181,800 ",5.4%,"832,969 ",11.3%,"1,116,493 ",-13.8%,"1,175,472 ",0.8%,"1,298,612 ",14.9%,"531,703 ",49.6%,"554,521 ",16.9%,"536,975 ",13.8%,"385,769 ",40.5%,"328,122 ",1.1%,"424,424 ",-2.4%,"96,085 ",17.5%,"248,654 ",32.9%,"106,870 ",-5.1%,"45,476 ",0.7%,"58,472 ",6.4%,"21,700 ",-22.5%,"34,896 ",15.1%,"13,412 ",9.9%,77 ,-,858 ,44.0%,"15,291 ",-18.2%,"23,205 ",17.7%,0 ,-100.0%
2015년,누계,"19,310,430 ",20.1%,"4,002,095 ",45.3%,"4,444,400 ",6.3%,"1,152,349 ",38.3%,"1,372,989 ",23.0%,"1,339,678 ",14.0%,"1,285,186 ",-1.0%,"662,670 ",24.6%,"554,144 ",-0.1%,"577,082 ",7.5%,"421,161 ",9.2%,"353,729 ",7.8%,"395,259 ",-6.9%,"165,328 ",72.1%,"222,580 ",-10.5%,"102,993 ",-3.6%,"47,213 ",3.8%,"63,715 ",9.0%,"22,600 ",4.1%,"33,001 ",-5.4%,"14,373 ",7.2%,38 ,-50.6%,640 ,-25.4%,"11,437 ",-25.2%,"18,112 ",-21.9%,74 ,
2016년,누계,"22,383,190 ",15.9%,"5,090,302 ",27.2%,"4,762,163 ",7.1%,"1,543,883 ",34.0%,"1,464,218 ",6.6%,"1,475,081 ",10.1%,"1,435,340 ",11.7%,"887,412 ",33.9%,"662,263 ",19.5%,"566,509 ",-1.8%,"444,439 ",5.5%,"343,887 ",-2.8%,"357,194 ",-9.6%,"173,260 ",4.8%,"106,904 ",-52.0%,"111,076 ",7.8%,"57,587 ",22.0%,"64,397 ",1.1%,"28,300 ",25.2%,"29,580 ",-10.4%,"14,520 ",1.0%,167 ,339.5%,"1,035 ",61.7%,"9,654 ",-15.6%,"25,171 ",39.0%,0 ,-100.0%
2017년,누계,"26,496,447 ",18.4%,"7,140,438 ",40.3%,"3,854,869 ",-19.1%,"2,415,245 ",56.4%,"1,717,867 ",17.3%,"1,607,821 ",9.0%,"1,536,455 ",7.0%,"1,055,207 ",18.9%,"874,253 ",32.0%,"631,363 ",11.4%,"484,528 ",9.0%,"423,191 ",23.1%,"345,081 ",-3.4%,"170,571 ",-1.6%,"120,622 ",12.8%,"142,383 ",28.2%,"74,921 ",30.1%,"65,829 ",2.2%,"40,300 ",42.4%,"34,808 ",17.7%,"15,963 ",9.9%,,,"6,048 ",484.3%,"13,999 ",45.0%,"34,301 ",36.3%,0 ,
2018년,누계,"28,695,983 ",8.3%,"7,538,952 ",5.6%,"4,191,790 ",8.7%,"3,435,406 ",42.2%,"1,796,615 ",4.6%,"1,624,251 ",1.0%,"1,461,558 ",-4.9%,"1,021,530 ",-3.2%,"812,842 ",-7.0%,"629,454 ",-0.3%,"616,783 ",27.3%,"358,885 ",-15.2%,"301,770 ",-12.6%,"174,405 ",2.2%,"159,354 ",32.1%,"150,536 ",5.7%,"84,184 ",12.4%,"72,852 ",10.7%,"45,600 ",13.2%,"34,400 ",-1.2%,"15,748 ",-1.3%,,,998 ,-83.5%,"14,985 ",7.0%,"37,218 ",8.5%,0 ,
2019년,누계,"28,714,247 ",0.1%,"5,584,597 ",-25.9%,"4,346,567 ",3.7%,"4,290,802 ",24.9%,"1,890,959 ",5.3%,"1,989,322 ",22.5%,"1,070,871 ",-26.7%,"1,245,144 ",21.9%,"743,026 ",-8.6%,"645,848 ",2.6%,"673,065 ",9.1%,"388,316 ",8.2%,"254,424 ",-15.7%,"203,191 ",16.5%,"207,372 ",30.1%,"149,445 ",-0.7%,"101,279 ",20.3%,"111,794 ",53.5%,"60,400 ",32.5%,"37,073 ",7.8%,"12,195 ",-22.6%,,,"1,408 ",41.1%,"20,322 ",35.6%,"31,108 ",-16.4%,,
2020년,누계,"4,276,006 ",-85.1%,"487,939 ",-91.3%,0 ,,-,,"260,228 ",-86.2%,"338,877 ",-83.0%,"41,478 ",-96.1%,"179,190 ",-85.6%,"44,433 ",-94.0%,"89,522 ",-86.1%,"119,750 ",-82.2%,"75,562 ",-80.5%,"55,935 ",-78.0%,"40,210 ",-80.2%,"36,636 ",-82.3%,"32,302 ",-78.4%,"5,060 ",-95.0%,"19,363 ",-82.7%,"17,273 ",-71.4%,"5,895 ",-84.1%,"2,499 ",-79.5%,0 ,#DIV/0!,142 ,-89.9%,"6,825 ",-66.4%,"6,944 ",-77.7%,0 ,#DIV/0!
2021년,누계,"1,222,541 ",-71.4%,"18,947 ",-96.1%,0 ,,-,,"12,077 ",-95.4%,"6,456 ",-98.1%,626 ,-98.5%,"3,165 ",-98.2%,22 ,-100.0%,"7,126 ",-92.0%,"3,028 ",-97.5%,"9,497 ",-87.4%,"6,074 ",-89.1%,0 ,,"15,206 ",-58.5%,"13,330 ",-58.7%,"2,312 ",-54.3%,"1,080 ",-94.4%,848 ,-95.1%,"6,849 ",16.2%,389 ,-84.4%,0 ,#DIV/0!,0 ,-100.0%,"1,031 ",-84.9%,"1,263 ",-81.8%,0 ,#DIV/0!
2022년,누계,"6,554,031 ",436.1%,"1,012,751 ",5245.2%,0 ,,"965,366 ",,"538,766 ",4361.1%,"428,014 ",6529.7%,"8,436 ",1247.6%,"51,480 ",1526.5%,"1,749 ",7850.0%,"217,529 ",2952.6%,"146,384 ",4734.3%,"121,273 ",1177.0%,"64,040 ",954.3%,0 ,,"99,869 ",556.8%,"49,423 ",270.8%,"53,382 ",2208.9%,"6,854 ",534.6%,"12,500 ",,"35,948 ",424.9%,"1,843 ",373.8%,0 ,#DIV/0!,0 ,#DIV/0!,0 ,-100.0%,"8,240 ",552.4%,0 ,#DIV/0!
2023년,누계,"22,715,841 ",246.6%,"6,958,494 ",587.1%,0 ,,"3,595,062 ",272.4%,"1,660,042 ",208.1%,"1,450,858 ",239.0%,"409,852 ",4758.4%,"745,885 ",1348.9%,"204,604 ",11598.3%,"570,656 ",162.3%,"400,853 ",173.8%,"347,185 ",186.3%,"170,171 ",165.7%,0 ,,"159,039 ",59.2%,"97,726 ",97.7%,"139,512 ",161.3%,0 ,,"30,200 ",,"36,324 ",1.0%,"7,298 ",296.0%,0 ,#DIV/0!,0 ,#DIV/0!,0 ,#DIV/0!,"23,743 ",188.1%,0 ,#DIV/0!
2024년,누계,"28,686,435 ",26.3%,"8,817,765 ",26.7%,0 ,,"4,568,941 ",27.1%,"1,868,945 ",12.6%,"1,567,348 ",8.0%,"854,873 ",108.6%,"1,010,035 ",35.4%,"492,184 ",140.6%,"594,897 ",4.2%,"475,815 ",18.7%,"436,054 ",25.6%,"192,305 ",13.0%,0 ,,"206,933 ",30.1%,0 ,,"175,292 ",25.6%,0 ,,0 ,,"36,395 ",0.2%,"10,800 ",48.0%,0 ,,0 ,,0 ,,0 ,,0 ,
2025년,누계,"21,657,007 ",2.2%,"6,793,598 ",5.0%,0 ,,"3,237,740 ",-3.9%,"1,138,033 ",-17.7%,"954,911 ",-20.1%,"682,559 ",14.8%,"587,475 ",4.5%,"382,494 ",12.0%,"458,357 ",-2.6%,"326,996 ",-0.5%,"331,488 ",18.0%,"106,686 ",-9.0%,0 ,,"166,357 ",6.1%,0 ,,"163,781 ",-7.6%,0 ,,0 ,,"23,090 ",-4.4%,"8,678 ",16.2%,0 ,,0 ,,0 ,,0 ,,,
,,,,,,,,* 베트남은 8월부터 국가별로 발표 재개,,,,* 2023년 2월부터 residence와 nationality로 구분 발표. 기존의 nationality 기준을 유지,,,,,,,,,,,,,,,,,,,,,,* 오류 수정(2023.3.3),,,,,,,,,,,,,,,,,,,
