국민 해외관광객(유럽),,,,,,,,,,,,,,,,* 보스니아헤르체고비나(Bosnia and Herzegovina),,,,,,,,,,,,,,,,,
,,법무부・KTO,,스페인,Spain,독일,Germany,오스트리아,Austria,영국,U.K,슬로베니아,Slovenia,러시아,Russia,보스니아,Bosnia,핀란드,Finland,슬로바키아,Slovakia,북마케도니아,North Macedonia,세르비아,Serbia,스웨덴,Sweden,리히텐슈타인,Liechtenstein,조지아,Georgia,산마리노,San Marino
,,명수,전년대비,명수,전년대비,명수,전년대비,명수,전년대비,명수,전년대비,명수,전년대비,명수,전년대비,명수,전년대비,명수,전년대비,명수,전년대비,명수,전년대비,명수,전년대비,명수,전년대비,명수,전년대비,명수,전년대비,명수,전년대비
2004년,1월,"793,478 ",,,,"7,414 ",,"1,518 ",,,,,,,,,,397 ,,,,,,,,579 ,,5 ,,,,,
,2월,"670,447 ",,,,"7,506 ",,"1,511 ",,,,,,,,,,448 ,,,,,,,,"1,438 ",,8 ,,,,,
,3월,"587,629 ",,,,"8,974 ",,"1,783 ",,,,,,,,,,613 ,,,,,,,,885 ,,21 ,,,,,
,4월,"642,413 ",,,,"8,172 ",,"3,006 ",,,,,,,,,,484 ,,,,,,,,818 ,,4 ,,,,,
,5월,"680,185 ",,,,"11,376 ",,"4,875 ",,,,,,,,,,"2,061 ",,,,,,,,"1,849 ",,17 ,,,,,
,6월,"712,260 ",,,,"11,753 ",,"5,243 ",,,,,,,,,,"3,230 ",,,,,,,,"2,348 ",,12 ,,,,,
,7월,"897,234 ",,,,"20,420 ",,"10,920 ",,,,,,,,,,"2,782 ",,,,,,,,"1,567 ",,18 ,,,,,
,8월,"930,573 ",,,,"15,216 ",,"6,574 ",,,,,,,,,,"2,826 ",,,,,,,,"2,147 ",,2 ,,,,,
,9월,"682,244 ",,,,"11,655 ",,"4,172 ",,,,,,,,,,"1,113 ",,,,,,,,"1,605 ",,4 ,,,,,
,10월,"757,538 ",,,,"10,783 ",,"3,188 ",,,,,,,,,,717 ,,,,,,,,825 ,,2 ,,,,,
,11월,"745,887 ",,,,"7,734 ",,"1,865 ",,,,,,,,,,417 ,,,,,,,,796 ,,4 ,,,,,
,12월,"725,697 ",,,,"5,555 ",,"1,526 ",,,,,,,,,,330 ,,,,,,,,519 ,,0 ,,,,,
2005년,1월,"897,406 ",13.1%,,,"9,807 ",32.3%,"2,632 ",73.4%,,,,," 111,221 ",,,,374 ,-5.8%,,,,,,,892 ,54.1%,0 ,-100.0%, 13 ,,,
,2월,"745,998 ",11.3%,,,"7,259 ",-3.3%,"1,745 ",15.5%,,,,,,,,,455 ,1.6%,,,,,,,851 ,-40.8%,5 ,-37.5%, 18 ,,,
,3월,"707,058 ",20.3%,,,"8,513 ",-5.1%,"2,131 ",19.5%,,,,,,,,,610 ,-0.5%,,,,,,,677 ,-23.5%,15 ,-28.6%, 24 ,,,
,4월,"762,096 ",18.6%,,,"10,027 ",22.7%,"3,567 ",18.7%,,,,,,,,,604 ,24.8%,,,,,,,854 ,4.4%,14 ,250.0%, 12 ,,,
,5월,"802,497 ",18.0%,,,"11,347 ",-0.3%,"7,202 ",47.7%,,,,,,,,,"1,706 ",-17.2%,,,,,,,"1,916 ",3.6%,10 ,-41.2%, 9 ,,,
,6월,"865,693 ",21.5%,,,"12,023 ",2.3%,"6,426 ",22.6%,,,,,,,,,"2,776 ",-14.1%,,,,,,,"2,562 ",9.1%,9 ,-25.0%, 20 ,,,
,7월,"1,020,757 ",13.8%,,,"21,678 ",6.2%,"10,713 ",-1.9%,,,,,,,,,"1,889 ",-32.1%,,,,,,,"2,157 ",37.7%,15 ,-16.7%, 29 ,,,
,8월,"1,070,289 ",15.0%,,,"17,507 ",15.1%,"7,771 ",18.2%,,,,,,,,,"2,389 ",-15.5%,,,,,,,"2,422 ",12.8%,20 ,900.0%, 18 ,,,
,9월,"785,549 ",15.1%,,,"12,454 ",6.9%,"4,646 ",11.4%,,,,,,,,,"1,118 ",0.4%,,,,,,,"1,297 ",-19.2%,11 ,175.0%, 34 ,,,
,10월,"848,088 ",12.0%,,,"11,916 ",10.5%,"5,752 ",80.4%,,,,,,,,,789 ,10.0%,,,,,,,890 ,7.9%,21 ,950.0%, 30 ,,,
,11월,"784,031 ",5.1%,,,"8,063 ",4.3%,"2,753 ",47.6%,,,,,,,,,536 ,28.5%,,,,,,,"1,101 ",38.3%,5 ,25.0%, 20 ,,,
,12월,"790,681 ",9.0%,,,"6,666 ",20.0%,"2,154 ",41.2%,,,,,,,,,298 ,-9.7%,,,,,,,980 ,88.8%,5 ,, 11 ,,,
2006년,1월,"985,287 ",9.8%,,,"9,022 ",-8.0%,"3,010 ",14.4%,,,,," 110,788 ",-0.4%,,,305 ,-18.4%,,,,,,,"1,333 ",49.4%,14 ,,20 ,53.8%,,
,2월,"944,596 ",26.6%,,,"8,049 ",10.9%,"3,164 ",81.3%,,,,,,,,,390 ,-14.3%,,,,,,,"1,331 ",56.4%,8 ,60.0%,27 ,50.0%,,
,3월,"823,918 ",16.5%,,,"10,113 ",18.8%,"3,136 ",47.2%,,,,,,,,,403 ,-33.9%,,,,,,,"1,448 ",113.9%,13 ,-13.3%,19 ,-20.8%,,
,4월,"855,083 ",12.2%,,,"9,639 ",-3.9%,"5,500 ",54.2%,,,,,,,,,610 ,1.0%,,,,,,,788 ,-7.7%,6 ,-57.1%,24 ,100.0%,,
,5월,"906,482 ",13.0%,,,"12,351 ",8.8%,"8,157 ",13.3%,,,,,,,,,"2,164 ",26.8%,,,,,,,"2,439 ",27.3%,18 ,80.0%,26 ,188.9%,,
,6월,"915,942 ",5.8%,,,"19,817 ",64.8%,"7,688 ",19.6%,,,,,,,,,"3,120 ",12.4%,,,,,,,"2,602 ",1.6%,14 ,55.6%,42 ,110.0%,,
,7월,"1,098,740 ",7.6%,,,"21,057 ",-2.9%,"13,552 ",26.5%,,,,,,,,,"2,487 ",31.7%,,,,,,,"2,553 ",18.4%,11 ,-26.7%,55 ,89.7%,,
,8월,"1,159,874 ",8.4%,,,"17,609 ",0.6%,"11,793 ",51.8%,,,,,,,,,"2,429 ",1.7%,,,,,,,"3,235 ",33.6%,14 ,-30.0%,41 ,127.8%,,
,9월,"931,946 ",18.6%,,,"13,485 ",8.3%,"8,633 ",85.8%,,,,,,,,,"2,028 ",81.4%,,,,,,,"2,714 ",109.3%,13 ,18.2%,47 ,38.2%,,
,10월,"984,649 ",16.1%,,,"13,175 ",10.6%,"8,568 ",49.0%,,,,,,,,,787 ,-0.3%,,,,,,,"3,204 ",260.0%,4 ,-81.0%,41 ,36.7%,,
,11월,"987,488 ",26.0%,,,"10,553 ",30.9%,"3,904 ",41.8%,,,,,,,,,556 ,3.7%,,,,,,,"1,278 ",16.1%,14 ,180.0%,49 ,145.0%,,
,12월,"1,015,874",28.5%,,,"7,449 ",11.7%,"3,387 ",57.2%,,,,,,,,,376 ,26.2%,,,,,,,635 ,-35.2%,5 ,0.0%,41 ,272.7%,,
2007년,1월,"1,281,530 ",30.1%,,,"10,223 ",13.3%,"4,896 ",62.7%,,,,," 124,785 ",12.6%,,,465 ,52.5%,,,,,,,"1,721 ",29.1%,10 ,-28.6%,58 ,190.0%,,
,2월,"982,591 ",4.0%,,,"9,053 ",12.5%,"3,606 ",14.0%,,,,,,,,,383 ,-1.8%,,,,,,,"1,695 ",27.3%,9 ,12.5%,29 ,7.4%,,
,3월,"1,046,055 ",27.0%,,,"12,161 ",20.3%,"4,403 ",40.4%,,,,,,,,,485 ,20.3%,,,,,,,"1,438 ",-0.7%,13 ,0.0%,55 ,189.5%,,
,4월,"989,018 ",15.7%,,,"12,492 ",29.6%,"7,772 ",41.3%,,,,,,,,,484 ,-20.7%,,,,,,,"1,141 ",44.8%,0 ,-100.0%,35 ,45.8%,,
,5월,"1,107,498 ",22.2%,,,"14,850 ",20.2%,"11,002 ",34.9%,,,,,,,,,"1,466 ",-32.3%,,,,,,,"2,077 ",-14.8%,12 ,-33.3%,43 ,65.4%,,
,6월,"1,064,076 ",16.2%,,,"15,154 ",-23.5%,"9,417 ",22.5%,,,,,,,,,"2,466 ",-21.0%,,,,,,,"3,053 ",17.3%,26 ,85.7%,58 ,38.1%,,
,7월,"1,297,398 ",18.1%,,,"22,821 ",8.4%,"13,465 ",-0.6%,,,,,,,,,"1,897 ",-23.7%,,,,,,,"2,437 ",-4.5%,21 ,90.9%,41 ,-25.5%,,
,8월,"1,308,664 ",12.8%,,,"18,402 ",4.5%,"12,723 ",7.9%,,,,,,,,,"1,917 ",-21.1%,,,,,,,"1,804 ",-44.2%,8 ,-42.9%,89 ,117.1%,,
,9월,"1,015,650 ",9.0%,,,"13,571 ",0.6%,"7,287 ",-15.6%,,,,,,,,,"1,114 ",-45.1%,,,,,,,"1,596 ",-41.2%,33 ,153.8%,70 ,48.9%,,
,10월,"1,078,092 ",9.5%,,,"13,109 ",-0.5%,"8,973 ",4.7%,,,,,,,,,635 ,-19.3%,,,,,,,954 ,-70.2%,3 ,-25.0%,61 ,48.8%,,
,11월,"1,072,557 ",8.6%,,,"10,482 ",-0.7%,"4,244 ",8.7%,,,,,,,,,405 ,-27.2%,,,,,,,971 ,-24.0%,9 ,-35.7%,48 ,-2.0%,,
,12월,"1,081,848 ",6.5%,,,"8,550 ",14.8%,"4,771 ",40.9%,,,,,,,,,442 ,17.6%,,,,,,,688 ,8.3%,1 ,-80.0%,64 ,56.1%,,
2008년,1월,"1,322,909 ",3.2%,,,"11,619 ",13.7%,"5,425 ",10.8%,,,126 ,," 101,304 ",-18.8%,,,519 ,11.6%,,,,,,,"1,034 ",-39.9%,3 ,-70.0%,55 ,-5.2%,,
,2월,"1,132,463 ",15.3%,,,"10,698 ",18.2%,"3,897 ",8.1%,,,146 ,,,,,,318 ,-17.0%,,,,,,,"1,087 ",-35.9%,4 ,-55.6%,36 ,24.1%,,
,3월,"983,589 ",-6.0%,,,"9,628 ",-20.8%,"4,623 ",5.0%,,,182 ,,,,,,446 ,-8.0%,,,,,,,"1,184 ",-17.7%,7 ,-46.2%,41 ,-25.5%,,
,4월,"1,026,750 ",3.8%,,,"11,900 ",-4.7%,"7,621 ",-1.9%,,,719 ,,,,,,683 ,41.1%,,,,,,,"1,443 ",26.5%,16 ,,33 ,-5.7%,,
,5월,"1,099,977 ",-0.7%,,,"12,783 ",-13.9%,"11,019 ",0.2%,,,"1,265 ",,,,,,"1,009 ",-31.2%,,,,,,,"2,679 ",29.0%,7 ,-41.7%,66 ,53.5%,,
,6월,"1,004,715 ",-5.6%,,,"13,987 ",-7.7%,"6,884 ",-26.9%,,,"1,016 ",,,,,,"1,758 ",-28.7%,,,,,,,"3,697 ",21.1%,14 ,-46.2%,55 ,-5.2%,,
,7월,"1,135,843 ",-12.5%,,,"18,442 ",-19.2%,"11,288 ",-16.2%,,,786 ,,,,,,"1,393 ",-26.6%,,,,,,,"2,495 ",2.4%,7 ,-66.7%,59 ,43.9%,,
,8월,"1,163,809 ",-11.1%,,,"18,254 ",-0.8%,"11,611 ",-8.7%,,,739 ,,,,,,"1,957 ",2.1%,,,,,,,"2,751 ",52.5%,0 ,-100.0%,41 ,-53.9%,,
,9월,"818,747 ",-19.4%,,,"12,100 ",-10.8%,"6,411 ",-12.0%,,,498 ,,,,,,933 ,-16.2%,,,,,,,"2,025 ",26.9%,11 ,-66.7%,29 ,-58.6%,,
,10월,"932,716 ",-13.5%,,,"11,040 ",-15.8%,"6,009 ",-33.0%,,,602 ,,,,,,624 ,-1.7%,,,,,,,"1,067 ",11.8%,6 ,100.0%,44 ,-27.9%,,
,11월,"707,012 ",-34.1%,,,"7,802 ",-25.6%,"2,581 ",-39.2%,,,197 ,,,,,,495 ,22.2%,,,,,,,665 ,-31.5%,17 ,88.9%,30 ,-37.5%,,
,12월,"667,564 ",-38.3%,,,"5,186 ",-39.3%,"2,559 ",-46.4%,,,91 ,,,,,,467 ,5.7%,,,,,,,471 ,-31.5%,3 ,200.0%,47 ,-26.6%,,
2009년,1월,"812,901 ",-38.6%,,,"7,544 ",-35.1%,"3,193 ",-41.1%," 18,160 ",,186 ,," 84,166 ",-16.9%,,,294 ,-43.4%,,,,,,,487 ,-52.9%,4 ,33.3%,29 ,-47.3%,,
,2월,"753,642 ",-33.5%,,,"8,796 ",-17.8%,"2,342 ",-39.9%,,,82 ,,,,,,299 ,-6.0%,,,,,,,762 ,-29.9%,0 ,-100.0%,19 ,-47.2%,,
,3월,"702,043 ",-28.6%,,,"8,202 ",-14.8%,"3,431 ",-25.8%,,,275 ,,,,,,365 ,-18.2%,,,,,,,843 ,-28.8%,0 ,-100.0%,35 ,-14.6%,,
,4월,"734,681 ",-28.4%,,,"9,369 ",-21.3%,"5,907 ",-22.5%," 20,635 ",,654 ,,,,,,436 ,-36.2%,,,,,,,890 ,-38.3%,0 ,-100.0%,61 ,84.8%,,
,5월,"737,396 ",-33.0%,,,"10,510 ",-17.8%,"5,739 ",-47.9%,,,663 ,,,,,,684 ,-32.2%,,,,,,,"1,529 ",-42.9%,1 ,-85.7%,56 ,-15.2%,,
,6월,"731,137 ",-27.2%,,,"11,316 ",-19.1%,"5,821 ",-15.4%,,,497 ,,,,,,820 ,-53.4%,,,,,,,"3,307 ",-10.5%,10 ,-28.6%,88 ,60.0%,,
,7월,"996,695 ",-12.3%,,,"17,371 ",-5.8%,"9,854 ",-12.7%," 37,447 ",,522 ,,,,,,"1,034 ",-25.8%,,,,,,,"3,247 ",30.1%,7 ,0.0%,56 ,-5.1%,,
,8월,"1,041,527 ",-10.5%,,,"14,652 ",-19.7%,"8,401 ",-27.6%,,,697 ,,,,,,"1,382 ",-29.4%,,,,,,,"2,768 ",0.6%,1 ,#DIV/0!,51 ,24.4%,,
,9월,"658,487 ",-19.6%,,,"12,197 ",0.8%,"4,890 ",-23.7%,,,614 ,,,,,,943 ,1.1%,,,,,,,"2,140 ",5.7%,5 ,-54.5%,79 ,172.4%,,
,10월,"714,880 ",-23.4%,,,"9,846 ",-10.8%,"3,798 ",-36.8%," 30,279 ",,433 ,,,,,,468 ,-25.0%,,,,,,,"1,122 ",5.2%,6 ,0.0%,88 ,100.0%,,
,11월,"721,940 ",2.1%,,,"8,466 ",8.5%,"2,523 ",-2.2%,,,327 ,,,,,,393 ,-20.6%,,,,,,,"1,015 ",52.6%,15 ,-11.8%,50 ,66.7%,,
,12월,"888,782 ",33.1%,,,"6,827 ",31.6%,"3,452 ",34.9%,,,170 ,,,,,,332 ,-28.9%,,,,,,,"1,043 ",121.4%,0 ,-100.0%,50 ,6.4%,,
2010년,1월,"1,118,261 ",37.6%,,,"8,944 ",18.6%,"3,304 ",3.5%," 27,280 ",50.2%,76 ,," 90,622 ",7.7%,,,407 ,38.4%,,,12 ,,,,844 ,73.3%,3 ,-25.0%,27 ,-6.9%,,
,2월,"908,103 ",20.5%,,,"9,363 ",6.4%,"2,629 ",12.3%,,,164 ,,,,,,372 ,24.4%,,,4 ,,,,"1,691 ",121.9%,2 ,,32 ,68.4%,,
,3월,"950,185 ",35.3%,,,"9,024 ",10.0%,"3,240 ",-5.6%,,,205 ,,,,,,486 ,33.2%,,,3 ,,,,"1,756 ",108.3%,4 ,,72 ,105.7%,,
,4월,"935,904 ",27.4%,,,"10,826 ",15.6%,"5,686 ",-3.7%," 32,934 ",59.6%,403 ,,,,,,502 ,15.1%,,,5 ,,,,985 ,10.7%,3 ,,76 ,24.6%,,
,5월,"1,023,815 ",38.8%,,,"12,859 ",22.4%,"8,783 ",53.0%,,,"1,305 ",,,,,,876 ,28.1%,,,245 ,,,,"3,321 ",117.2%,14 ,1300.0%,118 ,110.7%,,
,6월,"997,597 ",36.4%,,,"13,963 ",23.4%,"8,048 ",38.3%,,,613 ,,,,,,"1,398 ",70.5%,,,26 ,,,,"4,672 ",41.3%,10 ,0.0%,78 ,-11.4%,,
,7월,"1,223,723 ",22.8%,,,"18,324 ",5.5%,"11,643 ",18.2%," 48,390 ",29.2%,845 ,,,,,,"1,356 ",31.1%,,,119 ,,,,"3,982 ",22.6%,6 ,-14.3%,94 ,67.9%,,
,8월,"1,235,742 ",18.6%,,,"14,859 ",1.4%,"11,280 ",34.3%,,,911 ,,,,,,"1,273 ",-7.9%,,,105 ,,,,"3,960 ",43.1%,14 ,1300.0%,87 ,70.6%,,
,9월,"1,013,123 ",53.9%,,,"15,093 ",23.7%,"7,964 ",62.9%,,,758 ,,,,,,"1,142 ",21.1%,,,43 ,,,,"2,283 ",6.7%,2 ,-60.0%,81 ,2.5%,,
,10월,"1,055,581 ",47.7%,,,"13,009 ",34.8%,"6,592 ",73.6%," 38,393 ",26.8%,938 ,,,,,,688 ,47.0%,,,62 ,,,,"1,174 ",4.6%,8 ,33.3%,139 ,58.0%,,
,11월,"1,004,902 ",39.2%,,,"10,131 ",23.8%,"3,680 ",45.9%,,,277 ,,,,,,648 ,64.9%,,,32 ,,,,934 ,-8.0%,4 ,-73.3%,51 ,2.0%,,
,12월,"1,021,428 ",14.9%,,,"8,055 ",18.3%,"4,711 ",36.5%,,,109 ,,,,,,430 ,29.5%,,,30 ,,,,842 ,-19.3%,1 ,,80 ,60.0%,,
2011년,1월,"1,268,007 ",13.4%,,,"10,639 ",19.0%,"4,843 ",46.6%," 37,751 ",38.4%,196 ,," 91,335 ",0.8%,,,592 ,45.5%,,,19 ,58.3%,,,861 ,2.0%,6 ,100.0%,73 ,170.4%,,
,2월,"1,091,628 ",20.2%,,,"11,247 ",20.1%,"3,177 ",20.8%,,,90 ,,,,,,486 ,30.6%,,,17 ,325.0%,,,863 ,-49.0%,7 ,250.0%,62 ,93.8%,,
,3월,"868,694 ",-8.6%,,,"10,006 ",10.9%,"5,170 ",59.6%,,,361 ,,,,,,506 ,4.1%,,,47 ,1466.7%,,,"1,110 ",-36.8%,5 ,25.0%,141 ,95.8%,,
,4월,"867,487 ",-7.3%,,,"11,773 ",8.7%,"6,984 ",22.8%," 32,424 ",-1.5%,849 ,,,,,,665 ,32.5%,,,28 ,460.0%,,,"1,897 ",92.6%,11 ,266.7%,120 ,57.9%,,
,5월,"1,014,409 ",-0.9%,,,"17,407 ",35.4%,"12,617 ",43.7%,,,"2,701 ",,,,,,954 ,8.9%,,,44 ,-82.0%,,,"3,067 ",-7.6%,10 ,-28.6%,118 ,0.0%,,
,6월,"1,053,658 ",5.6%,,,"15,450 ",10.6%,"10,408 ",29.3%,,,"1,286 ",,,,,,"1,472 ",5.3%,,,78 ,200.0%,,,"5,341 ",14.3%,8 ,-20.0%,181 ,132.1%,,
,7월,"1,241,629 ",1.5%,,,"22,370 ",22.1%,"15,892 ",36.5%," 73,751 ",52.4%,"1,595 ",,,,,,"2,205 ",62.6%,,,346 ,190.8%,,,"5,038 ",26.5%,5 ,-16.7%,280 ,197.9%,6 ,
,8월,"1,247,222 ",0.9%,,,"17,949 ",20.8%,"15,526 ",37.6%,,,"1,756 ",,,,,,"2,387 ",87.5%,,,176 ,67.6%,,,"4,294 ",8.4%,13 ,-7.1%,96 ,10.3%,4 ,
,9월,"1,013,507 ",0.0%,,,"17,963 ",19.0%,"10,853 ",36.3%,,,"1,206 ",,,,,,"1,255 ",9.9%,,,68 ,58.1%,,,"2,435 ",6.7%,2 ,0.0%,101 ,24.7%,35 ,
,10월,"1,032,589 ",-2.2%,,,"14,826 ",14.0%,"10,060 ",52.6%," 33,417 ",-13.0%,"1,077 ",,,,,,765 ,11.2%,,,55 ,-11.3%,,,"1,718 ",46.3%,7 ,-12.5%,104 ,-25.2%,1 ,
,11월,"974,255 ",-3.0%,,,"12,521 ",23.6%,"5,491 ",49.2%,,,311 ,,,,,,647 ,-0.2%,,,187 ,484.4%,,,"1,496 ",60.2%,8 ,100.0%,94 ,84.3%,2 ,
,12월,"1,020,648 ",-0.1%,,,"10,715 ",33.0%,"5,338 ",13.3%,,,104 ,,,,,,512 ,19.1%,,,5 ,-83.3%,,,"1,023 ",21.5%,5 ,400.0%,49 ,-38.8%,2 ,
2012년,1월,"1,200,782 ",-5.3%,,,"13,862 ",30.3%,"6,603 ",36.3%," 41,818 ",10.8%,228 ,," 94,922 ",3.9%,,,692 ,16.9%,"13,638 ",,7 ,-63.2%,,,"1,182 ",37.3%,2 ,-66.7%,83 ,13.7%,5 ,
,2월,"1,150,334 ",5.4%,,,"14,787 ",31.5%,"4,160 ",30.9%,,,86 ,,,,,,638 ,31.3%,,,6 ,-64.7%,,,704 ,-18.4%,12 ,71.4%,81 ,30.6%,0 ,
,3월,"1,018,952 ",17.3%,,,"13,025 ",30.2%,"6,887 ",33.2%,,,455 ,,,,,,661 ,30.6%,,,22 ,-53.2%,,,710 ,-36.0%,1 ,-80.0%,204 ,44.7%,2 ,
,4월,"1,018,645 ",17.4%,,,"14,598 ",24.0%,"11,185 ",60.2%," 53,004 ",63.5%,"1,364 ",,,,,,689 ,3.6%,,,225 ,703.6%,,,"1,168 ",-38.4%,16 ,45.5%,155 ,29.2%,1 ,
,5월,"1,096,950 ",8.1%,,,"19,803 ",13.8%,"14,826 ",17.5%,,,"3,264 ",,,,,,"1,007 ",5.6%,,,80 ,81.8%,,,"2,887 ",-5.9%,7 ,-30.0%,204 ,72.9%,3 ,
,6월,"1,109,273 ",5.3%,,,"19,759 ",27.9%,"14,013 ",34.6%,,,"2,219 ",,,,,,"1,698 ",15.4%,,,223 ,185.9%,,,"5,407 ",1.2%,9 ,12.5%,146 ,-19.3%,1 ,
,7월,"1,305,418 ",5.1%,,,"26,902 ",20.3%,"19,410 ",22.1%," 44,296 ",-39.9%,"1,601 ",,,,,,"1,842 ",-16.5%,"8,218 ",,197 ,-43.1%,,,"4,703 ",-6.6%,15 ,200.0%,221 ,-21.1%,30 ,400.0%
,8월,"1,334,651 ",7.0%,,,"23,714 ",32.1%,"18,231 ",17.4%,,,"2,191 ",,,,,,"2,585 ",8.3%,,,140 ,-20.5%,,,"3,588 ",-16.4%,6 ,-53.8%,161 ,67.7%,3 ,-25.0%
,9월,"1,059,709 ",4.6%,,,"19,323 ",7.6%,"10,064 ",-7.3%,,,"1,602 ",,,,,,"1,204 ",-4.1%,,,86 ,26.5%,,,"3,050 ",25.3%,4 ,100.0%,124 ,22.8%,6 ,-82.9%
,10월,"1,154,742 ",11.8%,,,"16,732 ",12.9%,"11,494 ",14.3%," 38,375 ",14.8%,"2,022 ",,,,,,912 ,19.2%,"5,602 ",,136 ,147.3%,,,"1,769 ",3.0%,7 ,0.0%,166 ,59.6%,7 ,600.0%
,11월,"1,117,550 ",14.7%,,,"13,795 ",10.2%,"9,411 ",71.4%,,,870 ,,,,,,860 ,32.9%,,,51 ,-72.7%,,,"1,766 ",18.0%,1 ,-87.5%,99 ,5.3%,5 ,150.0%
,12월,"1,169,970 ",14.6%,,,"11,808 ",10.2%,"8,572 ",60.6%,,,427 ,,,,,,821 ,60.4%,,,6 ,20.0%,,,"1,018 ",-0.5%,3 ,-40.0%,118 ,140.8%,1 ,-50.0%
2013년,1월,"1,425,900 ",18.7%,,,"16,280 ",17.4%,"8,727 ",32.2%," 50,297 ",20.3%,486 ,113.2%," 15,986 ",13.7%,5 ,,811 ,17.2%,"13,731 ",0.7%,15 ,114.3%,0 ,,"1,579 ",33.6%,6 ,200.0%,88 ,6.0%,1 ,-80.0%
,2월,"1,184,807 ",3.0%,,,"14,067 ",-4.9%,"7,489 ",80.0%,,,529 ,515.1%,,,84 ,,653 ,2.4%,,,5 ,-16.7%,7 ,,"1,843 ",161.8%,1 ,-91.7%,124 ,53.1%,0 , - 
,3월,"1,113,946 ",9.3%,,,"16,246 ",24.7%,"11,208 ",62.7%,,,"1,204 ",164.6%,,,139 ,,633 ,-4.2%,,,80 ,263.6%,33 ,,"1,060 ",49.3%,9 ,800.0%,240 ,17.6%,2 ,0.0%
,4월,"1,097,420 ",7.7%,,,"18,060 ",23.7%,"11,948 ",6.8%," 40,044 ",-24.5%,"2,476 ",81.5%," 30,642 ",,796 ,,754 ,9.4%,,,176 ,-21.8%,189 ,,"1,853 ",58.6%,5 ,-68.8%,130 ,-16.1%,8 ,700.0%
,5월,"1,185,405 ",8.1%,,,"19,010 ",-4.0%,"17,427 ",17.5%,,,"4,264 ",30.6%,,,"2,398 ",,"1,637 ",62.6%,,,277 ,246.3%,397 ,,"2,976 ",3.1%,6 ,-14.3%,226 ,10.8%,0 ,-100.0%
,6월,"1,221,491 ",10.1%,,,"21,718 ",9.9%,"20,754 ",48.1%,,,"2,411 ",8.7%,,,"2,008 ",,"2,187 ",28.8%,,,213 ,-4.5%,259 ,,"6,371 ",17.8%,3 ,-66.7%,246 ,68.5%,,
,7월,"1,417,422 ",8.6%,,,"30,333 ",12.8%,"25,262 ",30.1%," 85,780 ",93.7%,"2,736 ",70.9%," 41,854 ",,"1,034 ",,"1,901 ",3.2%,"9,369 ",14.0%,165 ,-16.2%,72 ,,"3,201 ",-31.9%,9 ,-40.0%,438 ,98.2%,,
,8월,"1,407,186 ",5.4%,,,"23,376 ",-1.4%,"22,925 ",25.7%,,,"2,238 ",2.1%,,,"1,312 ",,"2,123 ",-17.9%,,,258 ,84.3%,109 ,,"5,244 ",46.2%,15 ,150.0%,273 ,69.6%,,
,9월,"1,195,238 ",12.8%,,,"19,877 ",2.9%,"17,354 ",72.4%,,,"2,347 ",46.5%,,,"1,625 ",,"2,254 ",87.2%,,,119 ,38.4%,145 ,,"2,603 ",-14.7%,2 ,-50.0%,176 ,41.9%,,
,10월,"1,239,143 ",7.3%,,,"20,913 ",25.0%,"16,278 ",41.6%," 32,640 ",-14.9%,"2,979 ",47.3%," 19,460 ",,"1,833 ",,"1,218 ",33.6%,"4,079 ",-27.2%,387 ,184.6%,260 ,,"1,742 ",-1.5%,13 ,85.7%,237 ,42.8%,,
,11월,"1,154,064 ",3.3%,,,"15,527 ",12.6%,"11,810 ",25.5%,,,856 ,-1.6%,,,264 ,,842 ,-2.1%,,,97 ,90.2%,43 ,,"1,689 ",-4.4%,13 ,1200.0%,129 ,30.3%,,
,12월,"1,204,463 ",2.9%,,,"13,458 ",14.0%,"11,260 ",31.4%,,,698 ,63.5%,,,94 ,,842 ,2.6%,,,3 ,-50.0%,2 ,,"1,042 ",2.4%,8 ,166.7%,126 ,6.8%,,
2014년,1월,"1,468,903 ",3.0%,,,"19,021 ",16.8%,"14,220 ",62.9%," 48,438 ",-3.7%,"1,454 ",199.2%," 24,749 ",54.8%,243 ,4760.0%,"1,085 ",33.8%,"3,438 ",-75.0%,17 ,13.3%,33 ,-,"1,355 ",-14.2%,0 ,-100.0%,"2,480 ",1.9%,,
,2월,"1,312,683 ",10.8%,,,"16,661 ",18.4%,"10,462 ",39.7%,,,"1,785 ",237.4%,,,533 ,534.5%,862 ,32.0%,,,3 ,-40.0%,39 ,457.1%,,,1 ,0.0%,,,,
,3월,"1,150,959 ",3.3%,,,"16,467 ",1.4%,"12,382 ",10.5%,,,"4,300 ",257.1%,,,"1,515 ",989.9%,984 ,55.5%,,,305 ,281.3%,157 ,375.8%,,,3 ,-66.7%,,,,
,4월,"1,179,885 ",7.5%,,,"19,058 ",5.5%,"21,883 ",83.2%," 46,326 ",15.7%,"5,654 ",128.4%," 38,889 ",26.9%,"3,399 ",327.0%,899 ,19.2%,"5,169 ",-37.3%,435 ,147.2%,370 ,95.8%,,,3 ,-40.0%,,,,
,5월,"1,223,003 ",3.2%,,,"21,521 ",13.2%,"21,625 ",24.1%,,,"7,258 ",70.2%,,,"4,726 ",97.1%,"1,145 ",-30.1%,,,655 ,136.5%,561 ,41.3%,,,17 ,183.3%,,,,
,6월,"1,270,439 ",4.0%,,,"22,293 ",2.6%,"20,718 ",-0.2%,,,"6,732 ",179.2%,,,"3,233 ",61.0%,"2,193 ",0.3%,,,536 ,151.6%,494 ,90.7%,,,8 ,166.7%,,,,
,7월,"1,454,795 ",2.6%,,,"29,670 ",-2.2%,"29,979 ",18.7%," 70,907 ",-17.3%,"6,450 ",135.7%," 50,423 ",20.5%,"2,050 ",98.3%,"1,937 ",1.9%,"4,893 ",-47.8%,305 ,84.8%,389 ,440.3%,,,25 ,177.8%,,,,
,8월,"1,547,193 ",9.9%,,,"26,244 ",12.3%,"29,206 ",27.4%,,,"7,286 ",225.6%,,,"2,430 ",85.2%,"2,136 ",0.6%,,,214 ,-17.1%,239 ,119.3%,,,8 ,-46.7%,,,,
,9월,"1,321,293 ",10.5%,,,"26,584 ",33.7%,"21,932 ",26.4%,,,"7,924 ",237.6%,,,"2,951 ",81.6%,"1,230 ",-45.4%,,,448 ,276.5%,307 ,111.7%,,,1 ,-50.0%,,,,
,10월,"1,432,100 ",15.6%,,,"22,465 ",7.4%,"24,230 ",48.9%," 44,281 ",35.7%,"7,338 ",146.3%," 21,615 ",11.1%,"3,026 ",65.1%,"1,191 ",-2.2%,"4,246 ",4.1%,292 ,-24.5%,238 ,-8.5%,,,11 ,-15.4%,,,,
,11월,"1,288,754 ",11.7%,,,"18,033 ",16.1%,"14,367 ",21.7%,,,"3,064 ",257.9%,,,"1,198 ",353.8%,"1,171 ",39.1%,,,114 ,17.5%,179 ,316.3%,,,8 ,-38.5%,,,,
,12월,"1,430,677 ",18.8%,,,"16,315 ",21.2%,"13,553 ",20.4%,,,"2,457 ",252.0%,,,350 ,272.3%,936 ,11.2%,,,40 ,1233.3%,104 ,5100.0%,,,4 ,-50.0%,,,,
2015년,1월,"1,834,538 ",24.9%,,,"24,048 ",26.4%,"18,766 ",32.0%," 77,292 ",59.6%,"3,268 ",124.8%," 153,189 ",12.9%,606 ,149.4%,"1,272 ",17.2%,"2,558 ",-25.6%,152 ,794.1%,39 ,18.2%,,,0 ,0.0%,"2,936 ",18.4%,,
,2월,"1,445,609 ",10.1%,,,"19,396 ",16.4%,"15,213 ",45.4%,,,"2,271 ",27.2%,,,514 ,-3.6%,884 ,2.6%,,,97 ,3133.3%,1 ,-97.4%,,,9 ,800.0%,,,,
,3월,"1,416,683 ",23.1%,,,"18,959 ",15.1%,"21,411 ",72.9%,,,"4,976 ",15.7%,,,"1,619 ",6.9%,895 ,-9.0%,,,368 ,20.7%,88 ,-43.9%,,,14 ,366.7%,,,,
,4월,"1,495,460 ",26.7%,,,"21,403 ",12.3%,"25,782 ",17.8%," 95,674 ",106.5%,"10,389 ",83.7%,,,"3,662 ",7.7%,989 ,10.0%,"5,932 ",14.8%,538 ,23.7%,200 ,-45.9%,,,0 ,-100.0%,,,,
,5월,"1,579,265 ",29.1%,,,"24,663 ",14.6%,"28,658 ",32.5%,,,"12,354 ",70.2%,,,"4,837 ",2.3%,"1,762 ",53.9%,,,621 ,-5.2%,461 ,-17.8%,,,8 ,-52.9%,,,,
,6월,"1,373,551 ",8.1%,,,"28,923 ",29.7%,"26,008 ",25.5%,,,"12,005 ",78.3%,,,"4,646 ",43.7%,"2,075 ",-5.4%,,,737 ,37.5%,188 ,-61.9%,,,19 ,137.5%,,,,
,7월,"1,675,332 ",15.2%,,,"36,441 ",22.8%,"35,190 ",17.4%," 109,549 ",54.5%,"7,695 ",19.3%,,,"2,704 ",31.9%,"2,877 ",48.5%,"5,364 ",9.6%,308 ,1.0%,245 ,-37.0%,,,4 ,-84.0%,,,,
,8월,"1,835,249 ",18.6%,,,"30,435 ",16.0%,"30,186 ",3.4%,,,"8,952 ",22.9%,,,"3,075 ",26.5%,"2,852 ",33.5%,,,303 ,41.6%,239 ,0.0%,,,10 ,25.0%,,,,
,9월,"1,511,657 ",14.4%,,,"26,551 ",-0.1%,"21,834 ",-0.4%,,,"8,251 ",4.1%,,,"2,986 ",1.2%,"1,630 ",32.5%,,,226 ,-49.6%,194 ,-36.8%,,,19 ,1800.0%,,,,
,10월,"1,735,308 ",21.2%,,,"26,778 ",19.2%,"26,608 ",9.8%," 54,524 ",23.1%,"10,582 ",44.2%,,,"3,700 ",22.3%,"1,574 ",32.2%,"3,883 ",-8.5%,290 ,-0.7%,132 ,-44.5%,,,8 ,-27.3%,,,,
,11월,"1,626,063 ",26.2%,,,"20,304 ",12.6%,"14,455 ",0.6%,,,"7,042 ",129.8%,,,817 ,-31.8%,"1,097 ",-6.3%,,,49 ,-57.0%,6 ,-96.6%,,,4 ,-50.0%,,,,
,12월,"1,781,715",24.5%,,,"18,999 ",16.5%,"12,921 ",-4.7%,,,"4,236 ",72.4%,,,807 ,130.6%,928 ,-0.9%,,,15 ,-62.5%,52 ,-50.0%,,,0 ,-100.0%,,,,
2016년,1월,"2,112,337",15.1%,"312,432 ",,"26,113 ",8.6%,"18,035 ",-3.9%," 64,709 ",-16.3%,"4,869 ",49.0%," 161,267 ",5.3%,683 ,12.7%,"1,128 ",-11.3%,"3,351 ",31.0%,10 ,-93.4%,2 ,-94.9%,,,4 ,-,"3,113 ",6.0%,,
,2월,"1,876,928",29.8%,,,"22,607 ",16.6%,"15,808 ",3.9%,,,"4,367 ",92.3%,,,"1,098 ",113.6%,"1,219 ",37.9%,,,15 ,-84.5%,70 ,6900.0%,,,3 ,-66.7%,,,,
,3월,"1,569,162",10.8%,,,"20,495 ",8.1%,"20,400 ",-4.7%,,,"7,796 ",56.7%,,,"1,803 ",11.4%,"1,086 ",21.3%,,,94 ,-74.5%,138 ,56.8%,,,9 ,-35.7%,,,,
,4월,"1,636,597",9.4%,,,"25,712 ",20.1%,"20,582 ",-20.2%," 87,360 ",-8.7%,"10,875 ",4.7%,,,"4,257 ",16.2%,"1,025 ",3.6%,"5,897 ",-0.6%,429 ,-20.3%,428 ,114.0%,,,12 ,-,,,,
,5월,"1,656,728",4.9%,,,"26,877 ",9.0%,"24,923 ",-13.0%,,,"13,438 ",8.8%,,,"5,462 ",12.9%,"1,741 ",-1.2%,,,268 ,-56.8%,304 ,-34.1%,,,14 ,75.0%,,,,
,6월,"1,778,317",29.5%,,,"30,789 ",6.5%,"24,630 ",-5.3%,,,"12,296 ",2.4%,,,"6,088 ",31.0%,"2,852 ",37.4%,,,411 ,-44.2%,335 ,78.2%,,,38 ,100.0%,,,,
,7월,"2,086,068",24.5%,,,"37,460 ",2.8%,"34,470 ",-2.0%," 98,075 ",-10.5%,"11,864 ",54.2%,,,"5,252 ",94.2%,"3,306 ",14.9%,"6,064 ",13.0%,285 ,-7.5%,462 ,88.6%,,,44 ,1000.0%,,,,
,8월,"2,064,241",12.5%,,,"32,807 ",7.8%,"33,031 ",9.4%,,,"10,794 ",20.6%,,,"4,796 ",56.0%,"3,977 ",39.4%,,,180 ,-40.6%,321 ,34.3%,,,36 ,260.0%,,,,
,9월,"1,904,524",26.0%,,,"29,564 ",11.3%,"25,437 ",16.5%,,,"11,300 ",37.0%,,,"4,341 ",45.4%,"1,924 ",18.0%,,,234 ,3.5%,306 ,57.7%,,,18 ,-5.3%,,,,
,10월,"1,865,552",7.5%,,,"25,960 ",-3.1%,"23,179 ",-12.9%," 66,493 ",22.0%,"12,442 ",17.6%,,,"5,365 ",45.0%,"1,559 ",-1.0%,"4,082 ",5.1%,241 ,-16.9%,529 ,300.8%,,,7 ,-12.5%,,,,
,11월,"1,825,701",12.3%,,,"20,619 ",1.6%,"17,900 ",23.8%,,,"7,490 ",6.4%,,,"1,552 ",90.0%,"1,428 ",30.2%,,,127 ,159.2%,187 ,3016.7%,,,15 ,275.0%,,,,
,12월,"2,007,035",12.6%,,,"19,327 ",1.7%,"15,082 ",16.7%,,,"5,389 ",27.2%,,,"1,160 ",43.7%,"1,703 ",83.5%,,,638 ,4153.3%,135 ,159.6%,,,7 ,-,,,,
2017년,1월,"2,343,048",10.9%,"446,069 ",42.8%,"25,272 ",-3.2%,"18,844 ",4.5%," 87,119 ",34.6%,"6,681 ",37.2%,"253,764 ",57.4%,"1,148 ",68.1%,"1,582 ",40.2%,"4,214 ",25.8%,47 ,370.0%,97 ,4750.0%,,,10 ,0.0%,"6,257 ",101.0%,,
,2월,"2,231,269",18.9%,,,"24,140 ",6.8%,"15,128 ",-4.3%,,,"7,084 ",62.2%,,,"1,377 ",25.4%,"1,186 ",-2.7%,,,137 ,813.3%,173 ,147.1%,,,5 ,66.7%,,,,
,3월,"1,940,542",23.7%,,,"25,919 ",26.5%,"19,655 ",-3.7%,,,"12,149 ",55.8%,,,"2,793 ",54.9%,"1,008 ",-7.2%,,,264 ,180.9%,251 ,81.9%,,,10 ,11.1%,,,,
,4월,"2,003,943",22.4%,,,"28,390 ",10.4%,"25,437 ",23.6%," 79,202 ",-9.3%,"15,970 ",46.9%,,,"5,171 ",21.5%,"1,109 ",8.2%,"6,001 ",1.8%,546 ,27.3%,366 ,-14.5%,,,21 ,75.0%,,,,
,5월,"2,003,834",21.0%,,,"34,051 ",26.7%,"31,155 ",25.0%,,,"17,117 ",27.4%,,,"7,264 ",33.0%,"2,314 ",32.9%,,,713 ,166.0%,560 ,84.2%,,,18 ,28.6%,,,,
,6월,"2,098,126",18.0%,,,"34,838 ",13.2%,"28,284 ",14.8%,,,"17,391 ",41.4%,,,"7,530 ",23.7%,"3,856 ",35.2%,,,658 ,60.1%,848 ,153.1%,,,40 ,5.3%,,,,
,7월,"2,389,447",14.5%,,,"42,747 ",14.1%,"35,815 ",3.9%," 101,412 ",3.4%,"14,258 ",20.2%,,,"5,783 ",10.1%,"3,963 ",19.9%,"5,015 ",-17.3%,353 ,23.9%,303 ,-34.4%,,,32 ,-27.3%,,,,
,8월,"2,385,301",15.6%,,,"36,735 ",12.0%,"32,921 ",-0.3%,,,"13,586 ",25.9%,,,"5,015 ",4.6%,"4,696 ",18.1%,,,362 ,101.1%,628 ,95.6%,,,15 ,-58.3%,,,,
,9월,"2,236,500",8.3%,,,"33,720 ",14.1%,"30,019 ",18.0%,,,"13,998 ",29.7%,,,"6,527 ",36.1%,"2,678 ",39.2%,,,492 ,173.3%,592 ,84.4%,,,43 ,138.9%,,,,
,10월,"2,231,748",19.6%,,,"32,176 ",23.9%,"34,195 ",47.5%," 84,279 ",26.7%,"15,802 ",27.0%,,,"6,575 ",22.6%,"2,350 ",50.7%,"3,856 ",-5.5%,547 ,127.0%,506 ,-4.3%,,,37 ,428.6%,,,,
,11월,"2,227,747",22.0%,,,"25,639 ",24.3%,"20,395 ",13.9%,,,"8,647 ",15.4%,,,"1,811 ",16.7%,"1,579 ",10.6%,,,219 ,72.4%,34 ,-81.8%,,,16 ,6.7%,,,,
,12월,"2,404,942",19.8%,,,"23,545 ",21.8%,"17,351 ",15.0%,,,"5,331 ",-1.1%,,,"1,062 ",-8.4%,"1,717 ",0.8%,,,77 ,-87.9%,1 ,-99.3%,,,31 ,342.9%,,,,
2018년,1월,"2,866,780",22.4%,"486,867 ",9.1%,"28,717 ",13.6%,"21,900 ",16.2%," 65,810 ",-24.5%,"6,977 ",4.4%,"360,618 ",42.1%,"1,057 ",-7.9%,"1,731 ",9.4%,"3,041 ",-27.8%,103 ,119.1%,16 ,-83.5%,,,194 ,-30.2%,"13,278 ",112.2%,,
,2월,"2,311,009",3.6%,,,"22,470 ",-6.9%,"15,466 ",2.2%,,,"4,966 ",-29.9%,,,945 ,-31.4%,"1,248 ",5.2%,,,170 ,24.1%,2 ,-98.8%,,,,,,,,
,3월,"2,252,565",16.1%,,,"23,987 ",-7.5%,"20,240 ",3.0%,,,"11,887 ",-2.2%,,,"2,151 ",-23.0%,942 ,-6.5%,,,174 ,-34.1%,357 ,42.2%,,,,,,,,
,4월,"2,230,200",11.3%,,,"26,988 ",-4.9%,"23,960 ",-5.8%," 84,839 ",7.1%,"14,432 ",-9.6%,,,"4,873 ",-5.8%,"1,408 ",27.0%,"5,102 ",-15.0%,381 ,-30.2%,237 ,-35.2%,,,,,,,,
,5월,"2,331,565",16.4%,,,"29,890 ",-12.2%,"29,253 ",-6.1%,,,"17,942 ",4.8%,,,"7,120 ",-2.0%,"4,607 ",99.1%,,,440 ,-38.3%,378 ,-32.5%,,,,,,,,
,6월,"2,323,986",10.8%,,,"36,051 ",3.5%,"31,242 ",10.5%,,,"15,099 ",-13.2%,,,"6,680 ",-11.3%,"5,096 ",32.2%,,,430 ,-34.7%,528 ,-37.7%,,,,,,,,
,7월,"2,495,297",4.4%,,,"40,143 ",-6.1%,"35,539 ",-0.8%," 102,138 ",0.7%,"13,702 ",-3.9%,,,"4,797 ",-17.0%,"5,742 ",44.9%,"4,070 ",-18.8%,384 ,8.8%,370 ,22.1%,,,,,,,,
,8월,"2,519,860",5.6%,,,"36,786 ",0.1%,"36,959 ",12.3%,,,"12,578 ",-7.4%,,,"5,028 ",0.3%,"4,682 ",-0.3%,,,317 ,-12.4%,470 ,-25.2%,,,,,,,,
,9월,"2,225,756",-0.5%,,,"33,000 ",-2.1%,"33,201 ",10.6%,,,"13,424 ",-4.1%,,,"4,523 ",-30.7%,"2,246 ",-16.1%,,,309 ,-37.2%,162 ,-72.6%,,,,,,,,
,10월,"2,347,876",5.2%,,,"31,516 ",-2.1%,"34,753 ",1.6%," 52,227 ",-38.0%,"15,856 ",0.3%,,,"5,684 ",-13.6%,"1,692 ",-28.0%,"3,488 ",-9.5%,451 ,-17.6%,582 ,15.0%,,,,,,,,
,11월,"2,295,810",3.1%,,,"24,828 ",-3.2%,"18,891 ",-7.4%,,,"9,237 ",6.8%,,,"1,699 ",-6.2%,"1,223 ",-22.5%,,,73 ,-66.7%,208 ,511.8%,,,,,,,,
,12월,"2,495,279",3.8%,,,"23,586 ",0.2%,"18,528 ",6.8%,,,606 ,-88.6%,,,831 ,-21.8%,"2,186 ",27.3%,,,14 ,-81.8%,1 ,0.0%,,,,,,,,
2019년,1월,"2,912,331",1.6%,"630,797 ",29.6%,"25,012 ",-12.9%,"23,696 ",8.2%," 65,248 ",-0.9%,"8,383 ",20.2%,"431,082 ",19.5%,"1,732 ",63.9%,"1,765 ",2.0%,"2,477 ",-18.5%,102 ,-1.0%,405 ,2431.3%,,,,,,,,
,2월,"2,617,946",13.3%,,,"23,048 ",2.6%,"20,481 ",32.4%,,,"7,021 ",41.4%,,,"1,266 ",34.0%,"1,472 ",17.9%,,,20 ,-88.2%,200 ,9900.0%,,,,,,,,
,3월,"2,334,153",3.6%,,,"24,478 ",2.0%,"22,641 ",11.9%,,,"11,714 ",-1.5%,,,"2,842 ",32.1%,"1,388 ",47.3%,,,351 ,101.7%,374 ,4.8%,,,,,,,,
,4월,"2,246,417",0.7%,,,"23,246 ",-13.9%,"26,032 ",8.6%," 85,223 ",0.5%,"15,793 ",9.4%,,,"4,899 ",0.5%,"1,129 ",-19.8%,,,229 ,-39.9%,277 ,16.9%,,,,,,,,
,5월,"2,401,204",3.0%,,,"30,847 ",3.2%,"32,149 ",9.9%,,,"18,659 ",4.0%,,,"7,398 ",3.9%,"2,160 ",-53.1%,,,443 ,0.7%,315 ,-16.7%,,,,,,,,
,6월,"2,495,798",7.4%,,,"31,908 ",-11.5%,"33,441 ",7.0%,,,"15,146 ",0.3%,,,"5,254 ",-21.3%,"3,993 ",-21.6%,,,274 ,-36.3%,284 ,-46.2%,,,,,,,,
,7월,"2,642,585",5.9%,,,"38,007 ",-5.3%,"38,957 ",9.6%," 78,584 ",-23.1%,"12,726 ",-7.1%,,,"4,475 ",-6.7%,"3,730 ",-35.0%,,,152 ,-60.4%,136 ,-63.2%,,,,,,,,
,8월,"2,427,634",-3.7%,,,"34,959 ",-5.0%,"36,110 ",-2.3%,,,"12,366 ",-1.7%,,,"3,738 ",-25.7%,"4,187 ",-10.6%,,,285 ,-10.1%,143 ,-69.6%,,,,,,,,
,9월,"2,049,830",-7.9%,,,"30,889 ",-6.4%,"25,968 ",-21.8%,,,"11,790 ",-12.2%,,,"4,257 ",-5.9%,"2,377 ",5.8%,,,175 ,-43.4%,215 ,32.7%,,,,,,,,
,10월,"2,153,847",-8.3%,,,"29,497 ",-6.4%,"30,528 ",-12.2%," 72,075 ",38.0%,"13,884 ",-12.4%,,,"4,021 ",-29.3%,"1,815 ",7.3%,,,214 ,-52.5%,190 ,-67.4%,,,,,,,,
,11월,"2,090,192",-9.0%,,,"24,388 ",-1.8%,"17,102 ",-9.5%,,,"7,082 ",-23.3%,,,811 ,-52.3%,"1,980 ",61.9%,,,80 ,9.6%,50 ,-76.0%,,,,,,,,
,12월,"2,342,310",-6.1%,,,"26,026 ",10.3%,"17,491 ",-5.6%,,,"4,865 ",702.8%,,,624 ,-24.9%,"2,048 ",-6.3%,,,51 ,264.3%,68 ,6700.0%,,,,,,,,
2020년,1월,"2,513,030",-13.7%,"121,931 ",-80.7%,"3,740 ",-85.0%,"19,597 ",-17.3%,"56,143 ",-14.0%,"5,650 ",-32.6%,"34,451 ",-92.0%,788 ,-54.5%,"2,335 ",32.3%,,,135 ,32.4%,31 ,-92.3%,,,,,,,,
,2월,"1,046,779",-60.0%,,,"26,226 ",13.8%,"14,378 ",-29.8%,,,"4,036 ",-42.5%,,,735 ,-41.9%,"1,569 ",6.6%,,,27 ,35.0%,3 ,-98.5%,,,,,,,,
,3월,"143,366",-93.9%,,,"20,496 ",-16.3%,"1,591 ",-93.0%,,,232 ,-98.0%,,,2 ,-99.9%,274 ,-80.3%,,,0 ,-100.0%,0 ,-100.0%,,,,,,,,
,4월,"31,425",-98.6%,,,571 ,-97.5%,9 ,-100.0%,,,0 ,-100.0%,,,0 ,,23 ,-98.0%,,,0 ,-100.0%,0 ,-100.0%,,,,,,,,
,5월,"37,802",-98.4%,,,677 ,-97.8%,13 ,-100.0%,,,1 ,-100.0%,,,0 ,,3 ,-99.9%,,,0 ,-100.0%,0 ,-100.0%,,,,,,,,
,6월,"48,353",-98.1%,,,"1,422 ",-95.5%,104 ,-99.7%,,,26 ,-99.8%,,,0 ,,12 ,-99.7%,,,0 ,-100.0%,0 ,-100.0%,,,,,,,,
,7월,"65,936",-97.5%,,,"1,537 ",-96.0%,296 ,-99.2%,,,283 ,-97.8%,,,3 ,-99.9%,120 ,-96.8%,,,2 ,-98.7%,0 ,-100.0%,,,,,,,,
,8월,"88,888",-96.3%,,,"1,842 ",-94.7%,294 ,-99.2%,,,219 ,-98.2%,,,1 ,-100.0%,124 ,-97.0%,,,11 ,-96.1%,0 ,-100.0%,,,,,,,,
,9월,"76,798",-96.3%,,,"1,357 ",-95.6%,115 ,-99.6%,,,60 ,-99.5%,,,4 ,-99.9%,68 ,-97.1%,,,7 ,-96.0%,0 ,-100.0%,,,,,,,,
,10월,"71,970",-96.7%,,,"1,918 ",-93.5%,147 ,-99.5%,,,12 ,-99.9%,,,2 ,-100.0%,77 ,-95.8%,,,3 ,-98.6%,0 ,-100.0%,,,,,,,,
,11월,"70,686",-96.6%,,,869 ,-96.4%,52 ,-99.7%,,,0 ,,,,1 ,-99.9%,60 ,-97.0%,,,1 ,-98.8%,0 ,-100.0%,,,,,,,,
,12월,"80,973",-96.5%,,,"1,020 ",-96.1%,50 ,-99.7%,,,6 ,-99.9%,,,5 ,-99.2%,124 ,-93.9%,,,9 ,-82.4%,0 ,-100.0%,,,,,,,,
2021년,1월,"86,143",-96.6%,"37,692 ",-69.1%,"1,269 ",-66.1%,103 ,-99.5%,379 ,-99.3%,2 ,-100.0%,,,1 ,-99.9%,84 ,-96.4%,,,2 ,-98.5%,0 ,-100.0%,,,,,,,,
,2월,"68,213",-93.5%,,,"1,149 ",-95.6%,50 ,-99.7%,,,46 ,-98.9%,,,1 ,-99.9%,48 ,-96.9%,,,0 ,-100.0%,0 ,-100.0%,,,,,,,,
,3월,"73,999",-48.4%,,,"1,589 ",-92.2%,43 ,-97.3%,,,72 ,-69.0%,,,0 ,,162 ,-40.9%,,,2 ,,0 ,,,,,,,,,
,4월,"71,302",126.9%,,,"1,243 ",117.7%,25 ,177.8%,449 ,-,18 ,,,,4 ,,49 ,113.0%,,,1 ,,3 ,,,,,,,,,
,5월,"75,416",99.5%,,,"1,246 ",84.0%,106 ,715.4%,,,16 ,1500.0%,,,11 ,,58 ,1833.3%,,,3 ,,7 ,,,,,,,,,
,6월,"79,446",64.3%,,,"1,757 ",23.6%,279 ,168.3%,,,65 ,150.0%,,,9 ,,77 ,541.7%,,,1 ,,5 ,,,,,,,,,
,7월,"101,963",54.6%,,,"1,892 ",23.1%,471 ,59.1%,"1,635 ",-,368 ,30.0%,,,12 ,300.0%,89 ,-25.8%,,,24 ,1100.0%,0 ,,,,,,,,,
,8월,"137,712",54.9%,,,"2,193 ",19.1%,608 ,106.8%,,,467 ,113.2%,,,29 ,2800.0%,138 ,11.3%,,,16 ,45.5%,0 ,,,,,,,,,
,9월,"116,615",51.8%,,,"3,021 ",122.6%,776 ,574.8%,,,229 ,281.7%,,,15 ,275.0%,167 ,145.6%,,,14 ,100.0%,1 ,,,,,,,,,
,10월,"124,399",72.8%,,,"4,634 ",141.6%,"1,066 ",625.2%,"3,141 ",-,289 ,2308.3%,,,16 ,700.0%,365 ,374.0%,,,24 ,700.0%,0 ,,,,,,,,,
,11월,"147,907",109.2%,,,"5,349 ",515.5%,795 ,1428.8%,,,243 ,,,,41 ,4000.0%,451 ,651.7%,,,5 ,400.0%,16 ,,,,,,,,,
,12월,"139,426",72.2%,,,"3,431 ",236.4%,658 ,1216.0%,,,237 ,3850.0%,,,16 ,220.0%,394 ,217.7%,,,4 ,-55.6%,0 ,,,,,,,,,
2022년,1월,"147,434",71.2%,"180,290 ",378.3%,"2,479 ",95.4%,594 ,476.7%,"3,108 ",720.1%,156 ,7700.0%,,,18 ,1700.0%,316 ,276.2%,,,9 ,350.0%,0 ,,,,,,,,,
,2월,"112,722",65.3%,,,"2,756 ",139.9%,639 ,1178.0%,,,145 ,215.2%,,,37 ,3600.0%,195 ,306.3%,,,3 ,,2 ,,,,,,,,,
,3월,"145,503",96.6%,,,"4,395 ",176.6%,829 ,1827.9%,,,230 ,219.4%,,,10 ,,172 ,6.2%,,,16 ,700.0%,3 ,,,,,,,,,
,4월,"215,246",201.9%,,,"5,919 ",376.2%,"1,748 ",6892.0%,"21,239 ",4630.3%,502 ,2688.9%,,,40 ,900.0%,283 ,477.6%,,,15 ,1400.0%,0 ,,,,,,,,,
,5월,"315,945",318.9%,,,"9,929 ",696.9%,"3,149 ",2870.8%,,,811 ,4968.8%,,,77 ,600.0%,492 ,748.3%,,,27 ,800.0%,2 ,-71.4%,,,,,,,,
,6월,"412,798",419.6%,,,"12,811 ",629.1%,"4,877 ",1648.0%,,,"1,349 ",1975.4%,,,94 ,944.4%,965 ,1153.2%,,,26 ,2500.0%,6 ,20.0%,,,,,,,,
,7월,"674,022",561.0%,,,"13,196 ",597.5%,"9,004 ",1811.7%,"27,951 ",1609.5%,"2,218 ",502.7%,,,629 ,5141.7%,"1,608 ",1706.7%,,,38 ,58.3%,1 ,,,,,,,,,
,8월,"702,153",409.9%,,,"12,947 ",490.4%,"10,014 ",1547.0%,,,"1,833 ",292.5%,,,525 ,1710.3%,"2,491 ",1705.1%,,,54 ,237.5%,6 ,,,,,,,,,
,9월,"619,954",431.6%,,,"14,951 ",394.9%,"6,709 ",764.6%,,,"1,586 ",592.6%,,,483 ,3120.0%,"1,120 ",570.7%,,,64 ,357.1%,0 ,,,,,,,,,
,10월,"773,480",521.8%,,,"15,664 ",238.0%,"9,197 ",762.8%,"36,960 ",1076.7%,"2,596 ",798.3%,,,775 ,4743.8%,908 ,148.8%,,,60 ,150.0%,9 ,,,,,,,,,
,11월,"1,041,431",604.1%,,,"13,508 ",152.5%,"6,288 ",690.9%,,,"1,523 ",526.7%,,,277 ,575.6%,"1,137 ",152.1%,,,20 ,300.0%,30 ,87.5%,,,,,,,,
,12월,"1,393,343",899.3%,,,"14,630 ",326.4%,"8,782 ",1234.7%,,,"1,423 ",500.4%,,,124 ,675.0%,"1,103 ",179.9%,,,57 ,1325.0%,40 ,,,,,,,,,
2023년,1월,"1,782,313",1108.9%,"434,583 ",141.0%,"12,795 ",416.1%,"9,602 ",1516.5%,"33,915 ",991.2%,"1,511 ",868.6%,,,323 ,1694.4%,"1,296 ",310.1%,,,16 ,77.8%,22 ,,,,,,,,,
,2월,"1,724,880",1430.2%,,,"13,279 ",381.8%,"8,818 ",1280.0%,,,"1,785 ",1131.0%,,,630 ,1602.7%,"1,031 ",428.7%,,,23 ,666.7%,4 ,100.0%,,,,,,,,
,3월,"1,472,193",911.8%,,,"13,004 ",195.9%,"9,797 ",1081.8%,,,"2,772 ",1105.2%,,,"1,647 ",16370.0%,640 ,272.1%,,,59 ,268.8%,1 ,-66.7%,,,,,,,,
,4월,"1,497,105",595.5%,,,"14,131 ",138.7%,"14,286 ",717.3%,"49,086 ",131.1%,"5,956 ",1086.5%,,,"1,339 ",3247.5%,986 ,248.4%,,,94 ,526.7%,70 ,,,,,,,,,
,5월,"1,683,022",432.7%,,,"18,258 ",83.9%,"18,458 ",486.2%,,,"6,869 ",747.0%,,,"1,429 ",1755.8%,"1,747 ",255.1%,,,126 ,366.7%,193 ,9550.0%,,,,,,,,
,6월,"1,771,962",329.3%,,,"21,803 ",70.2%,"19,415 ",298.1%,,,"6,101 ",352.3%,,,"1,635 ",1639.4%,"2,491 ",158.1%,,,156 ,500.0%,28 ,366.7%,,,,,,,,
,7월,"2,153,857",219.6%,,,"24,248 ",83.8%,"23,544 ",161.5%,"64,529 ",130.9%,"6,198 ",179.4%,,,"1,987 ",215.9%,"2,696 ",67.7%,,,108 ,184.2%,56 ,5500.0%,,,,,,,,
,8월,"2,093,236",198.1%,,,"24,208 ",87.0%,"21,535 ",115.0%,,,"5,413 ",195.3%,,,"2,573 ",390.1%,"4,009 ",60.9%,,,69 ,27.8%,162 ,2600.0%,,,,,,,,
,9월,"2,017,157",225.4%,,,"23,760 ",58.9%,"21,190 ",215.8%,,,"6,399 ",303.5%,,,"1,140 ",136.0%,"1,833 ",63.7%,,,139 ,117.2%,16 ,,,,,,,,,
,10월,"2,042,703",164.1%,,,"24,013 ",53.3%,"23,437 ",154.8%,"34,189 ",-7.5%,"7,536 ",190.3%,,,195 ,-74.8%,"1,344 ",48.0%,,,295 ,391.7%,59 ,555.6%,,,,,,,,
,11월,"2,061,646",98.0%,,,"18,763 ",38.9%,"14,593 ",132.1%,,,"2,909 ",91.0%,,,20 ,-92.8%,"1,367 ",20.2%,,,132 ,560.0%,12 ,-60.0%,,,,,,,,
,12월,"2,415,767",73.4%,,,"19,022 ",30.0%,"14,994 ",70.7%,,,"1,367 ",-3.9%,,,245 ,97.6%,"1,808 ",63.9%,,,56 ,-1.8%,0 ,,,,,,,,,
2024년,1월,"2,770,866",55.5%,"391,785 ",-9.8%,"16,853 ",31.7%,"14,055 ",46.4%,"61,581 ",81.6%,"1,665 ",10.2%,,,59 ,-81.7%,"1,523 ",17.5%,,,16 ,0.0%,10 ,-54.5%,,,,,,,,
,2월,"2,512,109",45.6%,,,"16,161 ",21.7%,"10,680 ",21.1%,,,"1,335 ",-25.2%,,,40 ,-93.7%,"1,279 ",24.1%,,,20 ,-13.0%,2 ,-50.0%,,,,,,,,
,3월,"2,141,992",45.5%,,,"14,278 ",9.8%,"12,910 ",31.8%,,,"3,024 ",9.1%,,,336 ,-79.6%,683 ,6.7%,,,101 ,71.2%,4 ,300.0%,,,,,,,,
,4월,"2,110,954",41.0%,,,"16,474 ",16.6%,"17,345 ",21.4%,"39,952 ",-18.6%,"5,193 ",-12.8%,,,716 ,-46.5%,990 ,0.4%,,,124 ,31.9%,86 ,22.9%,,,,,,,,
,5월,"2,268,310",34.8%,,,"19,588 ",7.3%,"22,164 ",20.1%,,,"8,411 ",22.4%,,,"1,945 ",36.1%,"1,918 ",9.8%,,,203 ,61.1%,79 ,-59.1%,,,,,,,,
,6월,"2,219,151",25.2%,,,"22,856 ",4.8%,"22,064 ",13.6%,,,"7,443 ",22.0%,,,"1,125 ",-31.2%,"2,542 ",2.0%,,,101 ,-35.3%,84 ,200.0%,,,,,,,,
,7월,"2,501,969",16.2%,,,"24,238 ",0.0%,"27,538 ",17.0%,"23,774 ",-63.2%,"5,941 ",-4.1%,,,"1,202 ",-49.5%,"2,524 ",-6.4%,,,130 ,20.4%,40 ,-28.6%,,,,,,,,
,8월,"2,359,550",12.7%,,,"21,781 ",-10.0%,"23,520 ",9.2%,,,"5,697 ",5.2%,,,"1,240 ",-60.0%,"4,339 ",8.2%,,,87 ,26.1%,44 ,-72.8%,,,,,,,,
,9월,"2,311,792",14.6%,,,"23,767 ",0.0%,"21,466 ",1.3%,,,"5,940 ",-7.2%,,,"1,358 ",19.1%,"1,779 ",-2.9%,,,116 ,-16.5%,67 ,318.8%,,,,,,,,
,10월,"2,382,464",16.6%,,,"21,462 ",-10.6%,"24,065 ",2.7%,"45,491 ",33.1%,"7,792 ",3.4%,,,"1,553 ",696.4%,"1,163 ",-13.5%,,,214 ,-27.5%,169 ,186.4%,,,,,,,,
,11월,"2,391,140",16.0%,,,"19,429 ",3.5%,"15,306 ",4.9%,,,"2,143 ",-26.3%,,,494 ,2370.0%,"1,320 ",-3.4%,,,243 ,84.1%,5 ,-58.3%,,,,,,,,
,12월,"2,716,138",12.4%,,,"19,760 ",3.9%,"15,448 ",3.0%,,,"1,598 ",16.9%,,,256 ,4.5%,"1,900 ",5.1%,,,22 ,-60.7%,5 ,,,,,,,,,
2025년,1월,"2,972,916",7.3%,,,"16,835 ",-0.1%,"14,951 ",6.4%,,,"1,948 ",17.0%,,,161 ,172.9%,"2,146 ",40.9%,,,52 ,225.0%,31 ,210.0%,,,,,,,,
,2월,"2,625,634",4.5%,,,"15,738 ",-2.6%,"10,988 ",2.9%,,,"1,729 ",29.5%,,,80 ,100.0%,"1,322 ",3.4%,,,,,2 ,0.0%,,,,,,,,
,3월,"2,197,971",2.6%,,,"16,748 ",17.3%,"11,491 ",-11.0%,,,"2,928 ",-3.2%,,,138 ,-58.9%,"1,046 ",53.1%,,,,,2 ,-50.0%,,,,,,,,
,4월,"2,149,577",1.8%,,,"16,509 ",0.2%,"17,648 ",1.7%,,,"4,966 ",-4.4%,,,440 ,-38.5%,721 ,-27.2%,,,,,2 ,-97.7%,,,,,,,,
,5월,"2,391,130",5.4%,,,"19,266 ",-1.6%,"22,305 ",0.6%,,,"5,611 ",-33.3%,,,"1,024 ",-47.4%,"1,455 ",-24.1%,,,,,5 ,-93.7%,,,,,,,,
,6월,"2,226,396",0.3%,,,"21,847 ",-4.4%,"21,912 ",-0.7%,,,"5,299 ",-28.8%,,,"1,225 ",8.9%,"2,622 ",3.1%,,,,,3 ,-96.4%,,,,,,,,
,7월,"2,435,291",-2.7%,,,"21,960 ",-9.4%,"23,154 ",-15.9%,,,"4,427 ",-25.5%,,,"1,218 ",1.3%,"2,431 ",-3.7%,,,,,6 ,-85.0%,,,,,,,,
,8월,"2,422,218",2.7%,,,"20,787 ",-4.6%,"22,737 ",-3.3%,,,"3,637 ",-36.2%,,,868 ,-30.0%,"2,821 ",-35.0%,,,,,25 ,-43.2%,,,,,,,,
,9월,"2,235,874",-3.3%,,,,,"21,338 ",-0.6%,,,"4,804 ",-19.1%,,,,,"2,028 ",14.0%,,,,,2 ,-97.0%,,,,,,,,
,10월,,,,,,,,,,,,,,,,,,,,,,,,,,,,,,,,
,11월,,,,,,,,,,,,,,,,,,,,,,,,,,,,,,,,
,12월,,,,,,,,,,,,,,,,,,,,,,,,,,,,,,,,
2000년,누계,"5,508,242 ",26.9%,,,"75,539 ",,"23,636 ",,,,,,,,,,,,,,,,,,,,,,,,,
2001년,누계,"6,084,476 ",10.5%,,,"85,805 ",13.6%,"23,789 ",0.6%,,,,,,,,,,,,,,,,,,,,,,,,
2002년,누계,"7,123,407 ",17.1%,,,"111,226 ",29.6%,"27,876 ",17.2%,,,,,,,,,,,,,,,,,,,,,,,,
2003년,누계,"7,086,133 ",-0.5%,,,"114,158 ",2.6%,"41,328 ",48.3%,,,,,,,,,,,,,,,,,,,,,,,,
2004년,누계,"8,825,585 ",24.5%,,,"126,558 ",10.9%,"46,181 ",11.7%,,,,,,,,,"15,418 ",,,,,,,,"15,376 ",,97 ,,,,,
2005년,누계,"10,080,143 ",14.2%,,,"137,260 ",8.5%,"57,492 ",24.5%,,,,,"111,221 ",,,,"13,544 ",-12.2%,,,,,,,"16,599 ",8.0%,107 ,10.3%,238 ,,,
2006년,누계,"11,609,879 ",15.2%,,,"152,319 ",11.0%,"80,492 ",40.0%,,,,,"110,788 ",-0.4%,,,"15,648 ",15.5%,,,,,,,"23,560 ",41.9%,117 ,9.3%,601 ,152.5%,,
2007년,누계,"13,324,977 ",14.8%,,,"160,868 ",5.6%,"92,559 ",15.0%,,,,,"124,785 ",12.6%,,,"12,159 ",-22.3%,,,,,,,"19,575 ",-16.9%,100 ,-14.5%,651 ,8.3%,,
2008년,누계,"11,996,094 ",-10.0%,,,"143,439 ",-10.8%,"79,928 ",-13.6%,,,"6,367 ",,"101,304 ",-18.8%,,,"10,602 ",-12.8%,,,,,,,"20,598 ",5.2%,95 ,-5.0%,536 ,-17.7%,,
2009년,누계,"9,494,111 ",-20.9%,,,"125,096 ",-12.8%,"59,351 ",-25.7%," 106,521 ",,"5,120 ",-19.6%,"84,166 ",-16.9%,,,"7,450 ",-29.7%,"17,580 ",,,,,,"19,153 ",-7.0%,49 ,-48.4%,662 ,23.5%,,
2010년,누계,"12,488,364 ",31.5%,,,"144,450 ",15.5%,"77,560 ",30.7%," 146,997 ",38.0%,"6,604 ",29.0%,"90,622 ",7.7%,,,"9,578 ",28.6%,"23,419 ",33.2%,686 ,,,,"26,444 ",38.1%,71 ,44.9%,935 ,41.2%,,
2011년,누계,"12,693,733 ",1.6%,,,"172,866 ",19.7%,"106,359 ",37.1%," 177,343 ",20.6%,"11,532 ",74.6%,"91,335 ",0.8%,,,"12,446 ",29.9%,"27,176 ",16.0%,"1,070 ",56.0%,,,"29,143 ",10.2%,87 ,22.5%,"1,279 ",36.8%,50 ,
2012년,누계,"13,736,976 ",8.2%,,,"208,108 ",20.4%,"134,856 ",26.8%," 177,493 ",0.1%,"16,329 ",41.6%,"94,922 ",3.9%,,,"13,609 ",9.3%,"27,458 ",1.0%,"1,179 ",10.2%,,,"27,952 ",-4.1%,83 ,-4.6%,"1,602 ",25.3%,64 ,
2013년,누계,"14,846,485 ",8.1%,,,"228,865 ",10.0%,"182,442 ",35.3%," 208,761 ",17.6%,"23,224 ",42.2%,"107,942 ",13.7%,"11,592 ",,"15,855 ",16.5%,"27,179 ",-1.0%,"1,795 ",52.2%,"1,516 ",,"31,203 ",11.6%,90 ,8.4%,"2,158 ",34.7%,11 ,0.0%
2014년,누계,"16,080,684 ",8.3%,,,"254,332 ",11.1%,"234,557 ",28.6%,"209,952 ",0.6%,"61,702 ",165.7%,"135,676 ",25.7%,"25,654 ",121.3%,"15,769 ",-0.5%,"17,746 ",-34.7%,"3,364 ",87.4%,"3,110 ",105.1%,"1,355 ",-14.2%,81 ,-10.0%,"2,480 ",14.9%,,
2015년,누계,"19,310,430 ",20.1%,,,"296,900 ",16.7%,"277,032 ",18.1%,"337,039 ",60.5%,"92,021 ",49.1%,"153,189 ",12.9%,"29,973 ",16.8%,"18,835 ",19.4%,"17,737 ",-0.1%,"3,704 ",10.1%,"1,845 ",-40.7%,,,86 ,6.2%,"2,936 ",18.4%,,
2016년,누계,"22,383,190 ",15.9%,"312,432 ",-,"318,330 ",7.2%,"273,477 ",-1.3%,"316,637 ",-6.1%,"112,920 ",22.7%,"161,267 ",5.3%,"41,857 ",39.6%,"22,948 ",21.8%,"19,394 ",9.3%,"2,932 ",-20.8%,"3,217 ",74.4%,,,158 ,83.7%,"3,113 ",6.0%,,
2017년,누계,"26,496,447 ",18.4%,"446,069 ",42.8%,"367,172 ",15.3%,"309,199 ",13.1%,"352,012 ",11.2%,"148,014 ",31.1%,"253,764 ",57.4%,"52,056 ",24.4%,"28,038 ",22.2%,"19,086 ",-1.6%,"4,415 ",50.6%,"4,359 ",35.5%,,,255 ,61.4%,"6,257 ",101.0%,,
2018년,누계,"28,695,983 ",8.3%,"486,867 ",9.1%,"357,962 ",-2.5%,"319,932 ",3.5%,"305,014 ",-13.4%,"136,706 ",-7.6%,"360,618 ",42.1%,"45,388 ",-12.8%,"32,803 ",17.0%,"15,701 ",-17.7%,"3,246 ",-26.5%,"3,311 ",-24.0%,,,146 ,-42.7%,"13,278 ",112.2%,,
2019년,누계,"28,714,247 ",0.1%,"630,797 ",29.6%,"342,305 ",-4.4%,"324,596 ",1.5%,"301,130 ",-1.3%,"139,429 ",2.0%,"431,082 ",19.5%,"41,317 ",-9.0%,"28,044 ",-14.5%,"2,477 ",-18.5%,"2,376 ",-26.8%,"2,657 ",-19.8%,,,162 ,11.0%,"16,642 ",25.3%,,
2020년,누계,"4,276,006 ",-85.1%,"121,931 ",-80.7%,"61,675 ",-82.0%,"36,646 ",-88.7%,"56,143 ",-14.0%,"10,525 ",-92.5%,"34,451 ",-92.0%,"1,541 ",-96.3%,"4,789 ",-82.9%,0 ,,195 ,-91.8%,34 ,-98.7%,0 ,,0 ,,0 ,,0 ,
2021년,누계,"1,222,541 ",-71.4%,"37,692 ",-69.1%,"28,773 ",-53.3%,"4,980 ",-86.4%,"5,604 ",-90.0%,"2,052 ",-80.5%,,,155 ,-89.9%,"2,082 ",-56.5%,0 ,,96 ,-50.8%,32 ,-6.0%,0 ,,0 ,,0 ,,0 ,
2022년,누계,"6,554,031 ",436.1%,"180,290 ",378.3%,"123,185 ",328.1%,"61,830 ",1141.6%,"89,258 ",1492.8%,"14,372 ",600.4%,,,"3,089 ",1892.9%,"10,790 ",418.3%,0 ,,389 ,305.2%,99 ,209.4%,0 ,,0 ,,0 ,,0 ,
2023년,누계,"22,715,841 ",246.6%,"434,583 ",141.0%,"227,284 ",84.5%,"199,669 ",222.9%,"181,719 ",103.6%,"54,816 ",281.4%,,,"13,163 ",326.1%,"21,248 ",96.9%,0 ,,"1,273 ",227.2%,623 ,529.3%,,,,,,,,
2024년,누계,"28,686,435 ",26.3%,"391,785 ",-9.8%,"236,647 ",4.1%,"226,561 ",13.5%,"101,533 ",22.3%,"56,182 ",2.5%,0 ,,"9,726 ",-26.1%,"21,960 ",3.4%,0 ,,"1,377 ",8.2%,595 ,-4.5%,,,,,,,,
2025년,누계,"21,657,007 ",2.2%,0 ,,"149,690 ",-1.7%,"166,524 ",-3.0%,0 ,,"35,349 ",-20.8%,0 ,,"5,154 ",-22.6%,"16,592 ",-5.6%,0 ,,52 ,225.0%,78 ,-81.3%,,,,,,,,
,,,,,,,,,,     * 영국 '20.5.22 2019년 연도 통계 발표 및 과거(2009-2018년도) 통계 일부 보정 ,,,,* 러시아 2016~2020년 통계는 UNWTO 자료로 대체,,,,,,,,,,,,,,,,,,,
