국민 해외관광객(오세아니아),,,,,,* Northern Mariana Is(Saipan),,,,,,,,,,,,,,,,,,,,,,,,,,,,,,,,,,,,,,,,,,,,
,,법무부・KTO,,호주, Australia,북마리아나(사이판),,괌(미국령),Guam,뉴질랜드,New Zealand,팔라우,Palau,피지,Fiji,,,,,,,,,,,,,,,,,,,,,,,,,,,,,,,,,,,
,,명수,전년대비,명수,전년대비,명수,전년대비,명수,전년대비,명수,전년대비,명수,전년대비,명수,전년대비,,,,,,,,,,,,,,,,,,,,,,,,,,,,,,,,,,,
2004년,1월,"793,478 ",,"25,870 ",,"7,825 ",4.1%,,,"18,575 ",,76 ,,,,,,,,,,,,,,,,,,,,,,,,,,,,,,,,,,,,,,
,2월,"670,447 ",,"19,350 ",,"6,434 ",-15.2%,,,"10,941 ",,68 ,,,,,,,,,,,,,,,,,,,,,,,,,,,,,,,,,,,,,,
,3월,"587,629 ",,"15,190 ",,"4,228 ",-1.0%,,,"8,274 ",,56 ,,,,,,,,,,,,,,,,,,,,,,,,,,,,,,,,,,,,,,
,4월,"642,413 ",,"14,130 ",,"4,827 ",-1.9%,,,"7,077 ",,71 ,,,,,,,,,,,,,,,,,,,,,,,,,,,,,,,,,,,,,,
,5월,"680,185 ",,"16,130 ",,"4,294 ",-1.7%,,,"6,696 ",,966 ,,,,,,,,,,,,,,,,,,,,,,,,,,,,,,,,,,,,,,
,6월,"712,260 ",,"14,180 ",,"5,967 ",-7.2%,,,"6,384 ",,"1,208 ",,,,,,,,,,,,,,,,,,,,,,,,,,,,,,,,,,,,,,
,7월,"897,234 ",,"20,170 ",,"7,208 ",-2.3%,,,"10,220 ",,172 ,,,,,,,,,,,,,,,,,,,,,,,,,,,,,,,,,,,,,,
,8월,"930,573 ",,"15,040 ",,"8,530 ",6.2%,,,"7,150 ",,38 ,,,,,,,,,,,,,,,,,,,,,,,,,,,,,,,,,,,,,,
,9월,"682,244 ",,"14,190 ",,"4,508 ",1.2%,,,"6,860 ",,18 ,,,,,,,,,,,,,,,,,,,,,,,,,,,,,,,,,,,,,,
,10월,"757,538 ",,"18,130 ",,"3,156 ",-21.0%,,,"9,156 ",,806 ,,,,,,,,,,,,,,,,,,,,,,,,,,,,,,,,,,,,,,
,11월,"745,887 ",,"21,460 ",,"4,723 ",-28.1%,,,"12,075 ",,"1,163 ",,,,,,,,,,,,,,,,,,,,,,,,,,,,,,,,,,,,,,
,12월,"725,697 ",,"19,740 ",,"6,492 ",-29.3%,,,"10,500 ",,"1,031 ",,,,,,,,,,,,,,,,,,,,,,,,,,,,,,,,,,,,,,
2005년,1월,"897,406 ",13.1%,"33,740 ",30.4%,"7,554 ",-3.5%,,,"16,704 ",-10.1%,"1,292 ",1600.0%,,,,,,,,,,,,,,,,,,,,,,,,,,,,,,,,,,,,,
,2월,"745,998 ",11.3%,"21,670 ",12.0%,"7,328 ",13.9%,,,"11,154 ",1.9%,471 ,592.6%,,,,,,,,,,,,,,,,,,,,,,,,,,,,,,,,,,,,,
,3월,"707,058 ",20.3%,"20,140 ",32.6%,"4,641 ",9.8%,,,"8,700 ",5.1%,18 ,-67.9%,,,,,,,,,,,,,,,,,,,,,,,,,,,,,,,,,,,,,
,4월,"762,096 ",18.6%,"20,060 ",42.0%,"4,657 ",-3.5%,,,"7,608 ",7.5%,25 ,-64.8%,,,,,,,,,,,,,,,,,,,,,,,,,,,,,,,,,,,,,
,5월,"802,497 ",18.0%,"18,310 ",13.5%,"4,337 ",1.0%,,,"6,935 ",3.6%,19 ,-98.0%,,,,,,,,,,,,,,,,,,,,,,,,,,,,,,,,,,,,,
,6월,"865,693 ",21.5%,"18,280 ",28.9%,"5,015 ",-16.0%,,,"6,840 ",7.1%,31 ,-97.4%,,,,,,,,,,,,,,,,,,,,,,,,,,,,,,,,,,,,,
,7월,"1,020,757 ",13.8%,"22,840 ",13.2%,"6,661 ",-7.6%,,,"9,696 ",-5.1%,27 ,-84.3%,,,,,,,,,,,,,,,,,,,,,,,,,,,,,,,,,,,,,
,8월,"1,070,289 ",15.0%,"18,500 ",23.0%,"7,032 ",-17.6%,,,"7,875 ",10.1%,33 ,-13.2%,,,,,,,,,,,,,,,,,,,,,,,,,,,,,,,,,,,,,
,9월,"785,549 ",15.1%,"15,310 ",7.9%,"3,453 ",-23.4%,,,"6,402 ",-6.7%,6 ,-66.7%,,,,,,,,,,,,,,,,,,,,,,,,,,,,,,,,,,,,,
,10월,"848,088 ",12.0%,"20,640 ",13.8%,"5,369 ",70.1%,,,"9,039 ",-1.3%,29 ,-96.4%,,,,,,,,,,,,,,,,,,,,,,,,,,,,,,,,,,,,,
,11월,"784,031 ",5.1%,"22,810 ",6.3%,"6,503 ",37.7%,,,"10,327 ",-14.5%,22 ,-98.1%,,,,,,,,,,,,,,,,,,,,,,,,,,,,,,,,,,,,,
,12월,"790,681 ",9.0%,"22,330 ",13.1%,"7,402 ",14.0%,,,"10,725 ",2.1%,196 ,-81.0%,,,,,,,,,,,,,,,,,,,,,,,,,,,,,,,,,,,,,
2006년,1월,"985,287 ",9.8%,"28,570 ",-15.3%,"6,902 ",-8.6%,,,"13,052 ",-21.9%,920 ,-28.8%,,,,,,,,,,,,,,,,,,,,,,,,,,,,,,,,,,,,,
,2월,"944,596 ",26.6%,"22,330 ",3.0%,"6,778 ",-7.5%,,,"9,746 ",-12.6%,"1,207 ",156.3%,,,,,,,,,,,,,,,,,,,,,,,,,,,,,,,,,,,,,
,3월,"823,918 ",16.5%,"19,460 ",-3.4%,"4,745 ",2.2%,,,"9,177 ",5.5%,240 ,1233.3%,,,,,,,,,,,,,,,,,,,,,,,,,,,,,,,,,,,,,
,4월,"855,083 ",12.2%,"19,340 ",-3.6%,"5,854 ",25.7%,,,"8,030 ",5.5%,729 ,2816.0%,,,,,,,,,,,,,,,,,,,,,,,,,,,,,,,,,,,,,
,5월,"906,482 ",13.0%,"17,470 ",-4.6%,"7,165 ",65.2%,,,"6,307 ",-9.1%,"1,173 ",6073.7%,,,,,,,,,,,,,,,,,,,,,,,,,,,,,,,,,,,,,
,6월,"915,942 ",5.8%,"18,240 ",-0.2%,"7,440 ",48.4%,,,"7,524 ",10.0%,"1,334 ",4203.2%,,,,,,,,,,,,,,,,,,,,,,,,,,,,,,,,,,,,,
,7월,"1,098,740 ",7.6%,"23,790 ",4.2%,"8,146 ",22.3%,,,"10,008 ",3.2%,"1,336 ",4848.1%,,,,,,,,,,,,,,,,,,,,,,,,,,,,,,,,,,,,,
,8월,"1,159,874 ",8.4%,"19,500 ",5.4%,"8,053 ",14.5%,,,"7,056 ",-10.4%,"1,069 ",3139.4%,,,,,,,,,,,,,,,,,,,,,,,,,,,,,,,,,,,,,
,9월,"931,946 ",18.6%,"19,500 ",27.4%,"6,407 ",85.5%,,,"8,253 ",28.9%,181 ,2916.7%,,,,,,,,,,,,,,,,,,,,,,,,,,,,,,,,,,,,,
,10월,"984,649 ",16.1%,"23,880 ",15.7%,"5,818 ",8.4%,,,"10,186 ",12.7%,"1,145 ",3848.3%,,,,,,,,,,,,,,,,,,,,,,,,,,,,,,,,,,,,,
,11월,"987,488 ",26.0%,"25,080 ",10.0%,"7,481 ",15.0%,,,"10,582 ",2.5%,"1,064 ",4736.4%,,,,,,,,,,,,,,,,,,,,,,,,,,,,,,,,,,,,,
,12월,"1,015,874",28.5%,"29,330 ",31.3%,"8,102 ",9.5%,,,"11,440 ",6.7%,"1,358 ",592.9%,,,,,,,,,,,,,,,,,,,,,,,,,,,,,,,,,,,,,
2007년,1월,"1,281,530 ",30.1%,"34,170 ",19.6%,"9,953 ",44.2%,,,"14,028 ",7.5%,"1,300 ",41.3%,,,,,,,,,,,,,,,,,,,,,,,,,,,,,,,,,,,,,
,2월,"982,591 ",4.0%,"20,300 ",-9.1%,"7,721 ",13.9%,,,"8,510 ",-12.7%,"1,013 ",-16.1%,,,,,,,,,,,,,,,,,,,,,,,,,,,,,,,,,,,,,
,3월,"1,046,055 ",27.0%,"23,040 ",18.4%,"6,271 ",32.2%,,,"9,752 ",6.3%,"1,070 ",345.8%,,,,,,,,,,,,,,,,,,,,,,,,,,,,,,,,,,,,,
,4월,"989,018 ",15.7%,"21,540 ",11.4%,"6,196 ",5.8%,,,"8,602 ",7.1%,"1,196 ",64.1%,,,,,,,,,,,,,,,,,,,,,,,,,,,,,,,,,,,,,
,5월,"1,107,498 ",22.2%,"18,590 ",6.4%,"7,565 ",5.6%,,,"6,228 ",-1.3%,"1,194 ",1.8%,,,,,,,,,,,,,,,,,,,,,,,,,,,,,,,,,,,,,
,6월,"1,064,076 ",16.2%,"18,910 ",3.7%,"9,139 ",22.8%,,,"7,334 ",-2.5%,"1,291 ",-3.2%,,,,,,,,,,,,,,,,,,,,,,,,,,,,,,,,,,,,,
,7월,"1,297,398 ",18.1%,"22,960 ",-3.5%,"10,901 ",33.8%,,,"8,904 ",-11.0%,"1,366 ",2.2%,,,,,,,,,,,,,,,,,,,,,,,,,,,,,,,,,,,,,
,8월,"1,308,664 ",12.8%,"19,190 ",-1.6%,"10,651 ",32.3%,,,"5,742 ",-18.6%,"1,354 ",26.7%,,,,,,,,,,,,,,,,,,,,,,,,,,,,,,,,,,,,,
,9월,"1,015,650 ",9.0%,"17,520 ",-10.2%,"8,605 ",34.3%,,,"6,601 ",-20.0%,910 ,402.8%,,,,,,,,,,,,,,,,,,,,,,,,,,,,,,,,,,,,,
,10월,"1,078,092 ",9.5%,"20,210 ",-15.4%,"8,074 ",38.8%,,,"7,084 ",-30.5%,"1,082 ",-5.5%,,,,,,,,,,,,,,,,,,,,,,,,,,,,,,,,,,,,,
,11월,"1,072,557 ",8.6%,"21,790 ",-13.1%,"11,626 ",55.4%,,,"8,784 ",-17.0%,"1,376 ",29.3%,,,,,,,,,,,,,,,,,,,,,,,,,,,,,,,,,,,,,
,12월,"1,081,848 ",6.5%,"21,160 ",-27.9%,"11,617 ",43.4%,,,"7,884 ",-31.1%,"1,303 ",-4.1%,,,,,,,,,,,,,,,,,,,,,,,,,,,,,,,,,,,,,
2008년,1월,"1,322,909 ",3.2%,"28,400 ",-16.9%,"11,227 ",12.8%,,,"10,846 ",-22.7%,"1,163 ",-10.5%,,,,,,,,,,,,,,,,,,,,,,,,,,,,,,,,,,,,,
,2월,"1,132,463 ",15.3%,"21,180 ",4.3%,"11,116 ",44.0%,,,"7,084 ",-16.8%,"1,307 ",29.0%,,,,,,,,,,,,,,,,,,,,,,,,,,,,,,,,,,,,,
,3월,"983,589 ",-6.0%,"17,600 ",-23.0%,"7,169 ",14.0%,,,"6,750 ",-30.8%,"1,043 ",-2.5%,,,,,,,,,,,,,,,,,,,,,,,,,,,,,,,,,,,,,
,4월,"1,026,750 ",3.8%,"17,660 ",-17.0%,"8,743 ",41.0%,,,"6,984 ",-18.8%,"1,069 ",-10.6%,,,,,,,,,,,,,,,,,,,,,,,,,,,,,,,,,,,,,
,5월,"1,099,977 ",-0.7%,"17,140 ",-7.0%,"9,925 ",31.0%,,,"6,200 ",-0.4%,"1,102 ",-7.7%,,,,,,,,,,,,,,,,,,,,,,,,,,,,,,,,,,,,,
,6월,"1,004,715 ",-5.6%,"16,450 ",-13.0%,"9,616 ",5.2%,,,"6,042 ",-17.6%,"1,170 ",-9.4%,,,,,,,,,,,,,,,,,,,,,,,,,,,,,,,,,,,,,
,7월,"1,135,843 ",-12.5%,"23,440 ",2.1%,"10,208 ",-6.4%,,,"8,184 ",-8.1%,"1,226 ",-10.2%,,,,,,,,,,,,,,,,,,,,,,,,,,,,,,,,,,,,,
,8월,"1,163,809 ",-11.1%,"19,290 ",0.5%,"10,690 ",0.4%,,,"6,336 ",10.3%,"1,369 ",1.1%,,,,,,,,,,,,,,,,,,,,,,,,,,,,,,,,,,,,,
,9월,"818,747 ",-19.4%,"13,760 ",-21.5%,"6,697 ",-22.2%,,,"4,577 ",-30.7%,"1,292 ",42.0%,,,,,,,,,,,,,,,,,,,,,,,,,,,,,,,,,,,,,
,10월,"932,716 ",-13.5%,"17,010 ",-15.8%,"8,715 ",7.9%,,,"5,880 ",-17.0%,"1,212 ",12.0%,,,,,,,,,,,,,,,,,,,,,,,,,,,,,,,,,,,,,
,11월,"707,012 ",-34.1%,"14,760 ",-32.3%,"8,912 ",-23.3%,,,"4,994 ",-43.1%,"1,213 ",-11.8%,,,,,,,,,,,,,,,,,,,,,,,,,,,,,,,,,,,,,
,12월,"667,564 ",-38.3%,"16,130 ",-23.8%,"8,098 ",-30.3%,,,"5,184 ",-34.2%,"1,325 ",1.7%,,,,,,,,,,,,,,,,,,,,,,,,,,,,,,,,,,,,,
2009년,1월,"812,901 ",-38.6%,"18,500 ",-34.9%,"8,676 ",-22.7%,,,"6,300 ",-41.9%,"1,909 ",64.1%,,,,,,,,,,,,,,,,,,,,,,,,,,,,,,,,,,,,,
,2월,"753,642 ",-33.5%,"17,090 ",-19.3%,"8,305 ",-25.3%,,,"5,060 ",-28.6%,"1,119 ",-14.4%,,,,,,,,,,,,,,,,,,,,,,,,,,,,,,,,,,,,,
,3월,"702,043 ",-28.6%,"16,350 ",-7.1%,"5,532 ",-22.8%,,,"5,472 ",-18.9%,"1,154 ",10.6%,,,,,,,,,,,,,,,,,,,,,,,,,,,,,,,,,,,,,
,4월,"734,681 ",-28.4%,"15,040 ",-14.8%,"6,576 ",-24.8%,,,"3,806 ",-45.5%,"1,080 ",1.0%,,,,,,,,,,,,,,,,,,,,,,,,,,,,,,,,,,,,,
,5월,"737,396 ",-33.0%,"12,990 ",-24.2%,"6,557 ",-33.9%,,,"2,826 ",-54.4%,"1,075 ",-2.5%,,,,,,,,,,,,,,,,,,,,,,,,,,,,,,,,,,,,,
,6월,"731,137 ",-27.2%,"13,020 ",-20.9%,"6,735 ",-30.0%,,,"3,114 ",-48.5%,"1,167 ",-0.3%,,,,,,,,,,,,,,,,,,,,,,,,,,,,,,,,,,,,,
,7월,"996,695 ",-12.3%,"17,400 ",-25.8%,"9,987 ",-2.2%,,,"5,152 ",-37.0%,"1,194 ",-2.6%,,,,,,,,,,,,,,,,,,,,,,,,,,,,,,,,,,,,,
,8월,"1,041,527 ",-10.5%,"15,690 ",-18.7%,"10,600 ",-0.8%,,,"4,200 ",-33.7%,"1,217 ",-11.1%,,,,,,,,,,,,,,,,,,,,,,,,,,,,,,,,,,,,,
,9월,"658,487 ",-19.6%,"11,720 ",-14.8%,"4,302 ",-35.8%,,,"3,045 ",-33.5%,856 ,-33.7%,,,,,,,,,,,,,,,,,,,,,,,,,,,,,,,,,,,,,
,10월,"714,880 ",-23.4%,"13,410 ",-21.2%,"4,813 ",-44.8%,,,"3,933 ",-33.1%,431 ,-64.4%,,,,,,,,,,,,,,,,,,,,,,,,,,,,,,,,,,,,,
,11월,"721,940 ",2.1%,"15,400 ",4.3%,"6,892 ",-22.7%,,,"4,370 ",-12.5%,874 ,-27.9%,,,,,,,,,,,,,,,,,,,,,,,,,,,,,,,,,,,,,
,12월,"888,782 ",33.1%,"19,100 ",18.4%,"10,157 ",25.4%,,,"5,643 ",8.9%,"1,092 ",-17.6%,,,,,,,,,,,,,,,,,,,,,,,,,,,,,,,,,,,,,
2010년,1월,"1,118,261 ",37.6%,"21,270 ",15.0%,"11,700 ",34.9%,,,"8,178 ",29.8%,"1,321 ",-30.8%,,,,,,,,,,,,,,,,,,,,,,,,,,,,,,,,,,,,,
,2월,"908,103 ",20.5%,"17,250 ",0.9%,"9,575 ",15.3%,,,"5,275 ",4.2%,"1,075 ",-3.9%,,,,,,,,,,,,,,,,,,,,,,,,,,,,,,,,,,,,,
,3월,"950,185 ",35.3%,"21,010 ",28.5%,"8,185 ",48.0%,,,"7,852 ",43.5%,"1,080 ",-6.4%,,,,,,,,,,,,,,,,,,,,,,,,,,,,,,,,,,,,,
,4월,"935,904 ",27.4%,"17,130 ",13.9%,"8,619 ",31.1%,,,"5,136 ",34.9%,"1,128 ",4.4%,,,,,,,,,,,,,,,,,,,,,,,,,,,,,,,,,,,,,
,5월,"1,023,815 ",38.8%,"16,160 ",24.4%,"9,643 ",47.1%,,,"4,300 ",52.2%,"1,071 ",-0.4%,,,,,,,,,,,,,,,,,,,,,,,,,,,,,,,,,,,,,
,6월,"997,597 ",36.4%,"15,330 ",17.7%,"8,931 ",32.6%,,,"4,160 ",33.6%,"1,006 ",-13.8%,,,,,,,,,,,,,,,,,,,,,,,,,,,,,,,,,,,,,
,7월,"1,223,723 ",22.8%,"18,600 ",6.9%,"10,782 ",8.0%,,,"5,952 ",15.5%,"1,831 ",53.4%,,,,,,,,,,,,,,,,,,,,,,,,,,,,,,,,,,,,,
,8월,"1,235,742 ",18.6%,"16,570 ",5.6%,"10,786 ",1.8%,,,"4,708 ",12.1%,"2,223 ",82.7%,,,,,,,,,,,,,,,,,,,,,,,,,,,,,,,,,,,,,
,9월,"1,013,123 ",53.9%,"16,530 ",41.0%,"7,958 ",85.0%,,,"4,290 ",40.9%,949 ,10.9%,,,,,,,,,,,,,,,,,,,,,,,,,,,,,,,,,,,,,
,10월,"1,055,581 ",47.7%,"18,650 ",39.1%,"8,681 ",80.0%,,,"5,425 ",37.9%,"1,170 ",171.5%,,,,,,,,,,,,,,,,,,,,,,,,,,,,,,,,,,,,,
,11월,"1,004,902 ",39.2%,"20,020 ",28.0%,"10,428 ",51.0%,,,"6,175 ",41.3%,"1,220 ",41.3%,,,,,,,,,,,,,,,,,,,,,,,,,,,,,,,,,,,,,
,12월,"1,021,428 ",14.9%,"20,090 ",5.2%,"10,485 ",3.0%,,,"5,858 ",3.8%,"1,151 ",5.4%,,,,,,,,,,,,,,,,,,,,,,,,,,,,,,,,,,,,,
2011년,1월,"1,268,007 ",13.4%,"21,930 ",3.1%,"12,685 ",8.4%,,,"8,700 ",6.4%,"1,196 ",-9.5%,508 ,,,,,,,,,,,,,,,,,,,,,,,,,,,,,,,,,,,,
,2월,"1,091,628 ",20.2%,"19,720 ",14.3%,"10,133 ",5.8%,,,"5,475 ",3.8%,901 ,-16.2%,422 ,,,,,,,,,,,,,,,,,,,,,,,,,,,,,,,,,,,,
,3월,"868,694 ",-8.6%,"16,550 ",-21.2%,"7,072 ",-13.6%,,,"4,860 ",-38.1%,543 ,-49.7%,314 ,,,,,,,,,,,,,,,,,,,,,,,,,,,,,,,,,,,,
,4월,"867,487 ",-7.3%,"12,740 ",-25.6%,"6,349 ",-26.3%,,,"2,640 ",-48.6%,754 ,-33.2%,459 ,,,,,,,,,,,,,,,,,,,,,,,,,,,,,,,,,,,,
,5월,"1,014,409 ",-0.9%,"14,920 ",-7.7%,"7,303 ",-24.3%,,,"2,860 ",-33.5%,890 ,-16.9%,428 ,,,,,,,,,,,,,,,,,,,,,,,,,,,,,,,,,,,,
,6월,"1,053,658 ",5.6%,"13,490 ",-12.0%,"7,064 ",-20.9%,,,"2,780 ",-33.2%,911 ,-9.4%,446 ,,,,,,,,,,,,,,,,,,,,,,,,,,,,,,,,,,,,
,7월,"1,241,629 ",1.5%,"18,780 ",1.0%,"8,997 ",-16.6%,,,"4,928 ",-17.2%,"2,453 ",34.0%,399 ,,,,,,,,,,,,,,,,,,,,,,,,,,,,,,,,,,,,
,8월,"1,247,222 ",0.9%,"16,280 ",-1.8%,"10,540 ",-2.3%,,,"3,728 ",-20.8%,"2,390 ",7.5%,420 ,,,,,,,,,,,,,,,,,,,,,,,,,,,,,,,,,,,,
,9월,"1,013,507 ",0.0%,"14,340 ",-13.2%,"6,746 ",-15.2%,,,"2,672 ",-37.7%,"1,226 ",29.2%,352 ,,,,,,,,,,,,,,,,,,,,,,,,,,,,,,,,,,,,
,10월,"1,032,589 ",-2.2%,"16,610 ",-10.9%,"7,880 ",-9.2%,,,"3,600 ",-33.6%,"1,305 ",11.5%,387 ,,,,,,,,,,,,,,,,,,,,,,,,,,,,,,,,,,,,
,11월,"974,255 ",-3.0%,"18,100 ",-9.6%,"11,389 ",9.2%,,,"4,528 ",-26.7%,"1,397 ",14.5%,516 ,,,,,,,,,,,,,,,,,,,,,,,,,,,,,,,,,,,,
,12월,"1,020,648 ",-0.1%,"21,020 ",4.6%,"11,345 ",8.2%,,,"6,016 ",2.7%,"1,998 ",73.6%,450 ,,,,,,,,,,,,,,,,,,,,,,,,,,,,,,,,,,,,
2012년,1월,"1,200,782 ",-5.3%,"19,910 ",-9.2%,"12,758 ",0.6%,,,"7,648 ",-12.1%,"1,823 ",52.4%,376 ,-26.0%,,,,,,,,,,,,,,,,,,,,,,,,,,,,,,,,,,,
,2월,"1,150,334 ",5.4%,"21,880 ",11.0%,"12,537 ",23.7%,,,"5,696 ",4.0%,"1,949 ",116.3%,420 ,-0.5%,,,,,,,,,,,,,,,,,,,,,,,,,,,,,,,,,,,
,3월,"1,018,952 ",17.3%,"17,570 ",6.2%,"9,431 ",33.4%,,,"5,456 ",12.3%,"1,177 ",116.8%,351 ,11.8%,,,,,,,,,,,,,,,,,,,,,,,,,,,,,,,,,,,
,4월,"1,018,645 ",17.4%,"15,410 ",21.0%,"9,399 ",48.0%,,,"3,648 ",38.2%,"1,237 ",64.1%,292 ,-36.4%,,,,,,,,,,,,,,,,,,,,,,,,,,,,,,,,,,,
,5월,"1,096,950 ",8.1%,"13,470 ",-9.7%,"9,052 ",23.9%,,,"3,024 ",5.7%,"1,151 ",29.3%,293 ,-31.5%,,,,,,,,,,,,,,,,,,,,,,,,,,,,,,,,,,,
,6월,"1,109,273 ",5.3%,"13,960 ",3.5%,"10,369 ",46.8%,,,"2,896 ",4.2%,"1,733 ",90.2%,375 ,-15.9%,,,,,,,,,,,,,,,,,,,,,,,,,,,,,,,,,,,
,7월,"1,305,418 ",5.1%,"16,280 ",-13.3%,"11,391 ",26.6%,,,"4,240 ",-14.0%,"1,562 ",-36.3%,381 ,-4.5%,,,,,,,,,,,,,,,,,,,,,,,,,,,,,,,,,,,
,8월,"1,334,651 ",7.0%,"16,230 ",-0.3%,"12,810 ",21.5%,,,"3,040 ",-18.5%,"1,646 ",-31.1%,370 ,-11.9%,,,,,,,,,,,,,,,,,,,,,,,,,,,,,,,,,,,
,9월,"1,059,709 ",4.6%,"14,400 ",0.4%,"8,836 ",31.0%,,,"2,848 ",6.6%,"1,656 ",35.1%,318 ,-9.7%,,,,,,,,,,,,,,,,,,,,,,,,,,,,,,,,,,,
,10월,"1,154,742 ",11.8%,"16,900 ",1.7%,"8,105 ",3.0%,,,"4,048 ",12.4%,"1,674 ",28.3%,364 ,-5.9%,,,,,,,,,,,,,,,,,,,,,,,,,,,,,,,,,,,
,11월,"1,117,550 ",14.7%,"17,930 ",-0.9%,"11,833 ",3.9%,,,"4,672 ",3.2%,"1,991 ",42.5%,464 ,-10.1%,,,,,,,,,,,,,,,,,,,,,,,,,,,,,,,,,,,
,12월,"1,169,970 ",14.6%,"21,330 ",1.5%,"12,873 ",13.5%,,,"5,680 ",-5.6%,"2,012 ",0.7%,400 ,-11.1%,,,,,,,,,,,,,,,,,,,,,,,,,,,,,,,,,,,
2013년,1월,"1,425,900 ",18.7%,"21,380 ",7.4%,"13,241 ",3.8%,,,"7,536 ",-1.5%,"1,770 ",-2.9%,546 ,45.2%,,,,,,,,,,,,,,,,,,,,,,,,,,,,,,,,,,,
,2월,"1,184,807 ",3.0%,"16,560 ",-24.3%,"10,098 ",-19.5%,,,"4,080 ",-28.4%,"1,233 ",-36.7%,257 ,-38.8%,,,,,,,,,,,,,,,,,,,,,,,,,,,,,,,,,,,
,3월,"1,113,946 ",9.3%,"16,590 ",-5.6%,"9,395 ",-0.4%,,,"5,200 ",-4.7%,"1,452 ",23.4%,332 ,-5.4%,,,,,,,,,,,,,,,,,,,,,,,,,,,,,,,,,,,
,4월,"1,097,420 ",7.7%,"15,290 ",-0.8%,"9,645 ",2.6%,,,"3,808 ",4.4%,"1,197 ",-3.2%,354 ,21.2%,,,,,,,,,,,,,,,,,,,,,,,,,,,,,,,,,,,
,5월,"1,185,405 ",8.1%,"14,020 ",4.1%,"11,525 ",27.3%,,,"2,656 ",-12.2%,"1,204 ",4.6%,329 ,12.3%,,,,,,,,,,,,,,,,,,,,,,,,,,,,,,,,,,,
,6월,"1,221,491 ",10.1%,"14,540 ",4.2%,"11,435 ",10.3%,,,"2,896 ",0.0%,"1,225 ",-29.3%,320 ,-14.7%,,,,,,,,,,,,,,,,,,,,,,,,,,,,,,,,,,,
,7월,"1,417,422 ",8.6%,"15,900 ",-2.3%,"13,071 ",14.7%,,,"3,808 ",-10.2%,"1,317 ",-15.7%,321 ,-15.7%,,,,,,,,,,,,,,,,,,,,,,,,,,,,,,,,,,,
,8월,"1,407,186 ",5.4%,"15,030 ",-7.4%,"13,389 ",4.5%,,,"2,912 ",-4.2%,"1,505 ",-8.6%,352 ,-4.9%,,,,,,,,,,,,,,,,,,,,,,,,,,,,,,,,,,,
,9월,"1,195,238 ",12.8%,"16,230 ",12.7%,"10,848 ",22.8%,,,"3,504 ",23.0%,"1,890 ",14.1%,365 ,14.8%,,,,,,,,,,,,,,,,,,,,,,,,,,,,,,,,,,,
,10월,"1,239,143 ",7.3%,"16,600 ",-1.8%,"11,381 ",40.4%,,,"4,224 ",4.3%,"1,538 ",-8.1%,352 ,-3.3%,,,,,,,,,,,,,,,,,,,,,,,,,,,,,,,,,,,
,11월,"1,154,064 ",3.3%,"16,650 ",-7.1%,"12,350 ",4.4%,,,"4,832 ",3.4%,"1,551 ",-22.1%,364 ,-21.6%,,,,,,,,,,,,,,,,,,,,,,,,,,,,,,,,,,,
,12월,"1,204,463 ",2.9%,"20,080 ",-5.9%,"13,580 ",5.5%,,,"5,536 ",-2.5%,"1,566 ",-22.2%,333 ,-16.8%,,,,,,,,,,,,,,,,,,,,,,,,,,,,,,,,,,,
2014년,1월,"1,468,903 ",3.0%,"22,100 ",3.4%,"13,829 ",4.4%,,,"8,080 ",7.2%,"1,759 ",-0.6%,410 ,-24.9%,,,,,,,,,,,,,,,,,,,,,,,,,,,,,,,,,,,
,2월,"1,312,683 ",10.8%,"18,510 ",11.8%,"11,053 ",9.5%,,,"5,376 ",31.8%,"1,171 ",-5.0%,376 ,46.3%,,,,,,,,,,,,,,,,,,,,,,,,,,,,,,,,,,,
,3월,"1,150,959 ",3.3%,"16,450 ",-0.8%,"10,732 ",14.2%,,,"5,312 ",2.2%,"1,130 ",-22.2%,367 ,10.5%,,,,,,,,,,,,,,,,,,,,,,,,,,,,,,,,,,,
,4월,"1,179,885 ",7.5%,"14,700 ",-3.9%,"9,339 ",-3.2%,,,"3,696 ",-2.9%,867 ,-27.6%,400 ,13.0%,,,,,,,,,,,,,,,,,,,,,,,,,,,,,,,,,,,
,5월,"1,223,003 ",3.2%,"14,710 ",4.9%,"9,075 ",-21.3%,,,"3,184 ",19.9%,969 ,-19.5%,534 ,62.3%,,,,,,,,,,,,,,,,,,,,,,,,,,,,,,,,,,,
,6월,"1,270,439 ",4.0%,"12,620 ",-13.2%,"9,465 ",-17.2%,,,"2,608 ",-9.9%,"1,234 ",0.7%,460 ,43.8%,,,,,,,,,,,,,,,,,,,,,,,,,,,,,,,,,,,
,7월,"1,454,795 ",2.6%,"15,500 ",-2.5%,"10,099 ",-22.7%,,,"3,904 ",2.5%,"1,374 ",4.3%,471 ,46.7%,,,,,,,,,,,,,,,,,,,,,,,,,,,,,,,,,,,
,8월,"1,547,193 ",9.9%,"16,260 ",8.2%,"10,618 ",-20.7%,,,"3,200 ",9.9%,"1,619 ",7.6%,317 ,-9.9%,,,,,,,,,,,,,,,,,,,,,,,,,,,,,,,,,,,
,9월,"1,321,293 ",10.5%,"15,230 ",-6.2%,"9,602 ",-11.5%,,,"3,520 ",0.5%,"1,015 ",-46.3%,470 ,28.8%,,,,,,,,,,,,,,,,,,,,,,,,,,,,,,,,,,,
,10월," 1,432,100 ",15.6%,"15,790 ",-4.9%,"12,557 ",10.3%,,,"4,400 ",4.2%,"1,096 ",-28.7%,591 ,67.9%,,,,,,,,,,,,,,,,,,,,,,,,,,,,,,,,,,,
,11월," 1,288,754 ",11.7%,"17,590 ",5.6%,"16,227 ",31.4%,,,"5,456 ",12.9%,"1,178 ",-24.0%,569 ,56.3%,,,,,,,,,,,,,,,,,,,,,,,,,,,,,,,,,,,
,12월," 1,430,677 ",18.8%,"23,360 ",16.3%,"19,485 ",43.5%,,,"6,752 ",22.0%,"1,212 ",-22.6%,711 ,113.5%,,,,,,,,,,,,,,,,,,,,,,,,,,,,,,,,,,,
2015년,1월," 1,834,538 ",24.9%,"23,980 ",8.5%,"21,145 ",52.9%,,,"10,112 ",25.1%,"1,617 ",-8.1%,561 ,36.8%,,,,,,,,,,,,,,,,,,,,,,,,,,,,,,,,,,,
,2월," 1,445,609 ",10.1%,"20,860 ",12.7%,"13,536 ",22.5%,,,"6,000 ",11.6%,808 ,-31.0%,371 ,-1.3%,,,,,,,,,,,,,,,,,,,,,,,,,,,,,,,,,,,
,3월," 1,416,683 ",23.1%,"19,410 ",18.0%,"14,989 ",39.7%,,,"6,352 ",19.6%,812 ,-28.1%,850 ,131.6%,,,,,,,,,,,,,,,,,,,,,,,,,,,,,,,,,,,
,4월," 1,495,460 ",26.7%,"16,380 ",11.4%,"17,359 ",85.9%,,,"4,416 ",19.5%,802 ,-7.5%,474 ,18.5%,,,,,,,,,,,,,,,,,,,,,,,,,,,,,,,,,,,
,5월," 1,579,265 ",29.1%,"15,600 ",6.1%,"16,237 ",78.9%,,,"3,584 ",12.6%,957 ,-1.2%,502 ,-6.0%,,,,,,,,,,,,,,,,,,,,,,,,,,,,,,,,,,,
,6월," 1,373,551 ",8.1%,"12,460 ",-1.3%,"13,985 ",47.8%,,,"2,912 ",11.7%,"1,019 ",-17.4%,496 ,7.8%,,,,,,,,,,,,,,,,,,,,,,,,,,,,,,,,,,,
,7월," 1,675,332 ",15.2%,"15,410 ",-0.6%,"15,321 ",51.7%,,,"3,936 ",0.8%,"1,040 ",-24.3%,520 ,10.4%,,,,,,,,,,,,,,,,,,,,,,,,,,,,,,,,,,,
,8월," 1,835,249 ",18.6%,"16,820 ",3.4%,"8,479 ",-20.1%,,,"3,296 ",3.0%,"1,101 ",-32.0%,327 ,3.2%,,,,,,,,,,,,,,,,,,,,,,,,,,,,,,,,,,,
,9월," 1,511,657 ",14.4%,"15,290 ",0.4%,"12,632 ",31.6%,,,"3,200 ",-9.1%,764 ,-24.7%,538 ,14.5%,,,,,,,,,,,,,,,,,,,,,,,,,,,,,,,,,,,
,10월," 1,735,308 ",21.2%,"18,470 ",17.0%,"14,370 ",14.4%,,,"5,264 ",19.6%,"1,051 ",-4.1%,637 ,7.8%,,,,,,,,,,,,,,,,,,,,,,,,,,,,,,,,,,,
,11월," 1,626,063 ",26.2%,"22,370 ",27.2%,"16,848 ",3.8%,,,"6,880 ",26.1%,"1,164 ",-1.2%,781 ,37.3%,,,,,,,,,,,,,,,,,,,,,,,,,,,,,,,,,,,
,12월," 1,781,715 ",24.5%,"29,730 ",27.3%,"17,721 ",-9.1%,,,"9,040 ",33.9%,"1,174 ",-3.1%,643 ,-9.6%,,,,,,,,,,,,,,,,,,,,,,,,,,,,,,,,,,,
2016년,1월,"2,112,337",15.1%,"28,110 ",17.2%,"17,125 ",-19.0%,"48,859 ",,"12,752 ",26.1%,"1,390 ",-14.0%,650 ,15.9%,,,,,,,,,,,,,,,,,,,,,,,,,,,,,,,,,,,
,2월,"1,876,928",29.8%,"28,180 ",35.1%,"13,638 ",0.8%,"41,576 ",,"8,800 ",46.7%,"1,034 ",28.0%,503 ,35.6%,,,,,,,,,,,,,,,,,,,,,,,,,,,,,,,,,,,
,3월,"1,569,162",10.8%,"24,410 ",25.8%,"12,743 ",-15.0%,"34,444 ",,"7,328 ",15.4%,778 ,-4.2%,680 ,-20.0%,,,,,,,,,,,,,,,,,,,,,,,,,,,,,,,,,,,
,4월,"1,636,597",9.4%,"20,570 ",25.6%,"13,564 ",-21.9%,"38,667 ",,"5,952 ",34.8%,"1,044 ",30.2%,596 ,25.7%,,,,,,,,,,,,,,,,,,,,,,,,,,,,,,,,,,,
,5월,"1,656,728",4.9%,"18,930 ",21.3%,"13,850 ",-14.7%,"43,354 ",,"4,864 ",35.7%,862 ,-9.9%,720 ,43.4%,,,,,,,,,,,,,,,,,,,,,,,,,,,,,,,,,,,
,6월,"1,778,317",29.5%,"17,790 ",42.8%,"18,556 ",32.7%,"46,078 ",,"3,776 ",29.7%,756 ,-25.8%,646 ,30.2%,,,,,,,,,,,,,,,,,,,,,,,,,,,,,,,,,,,
,7월,"2,086,068",24.5%,"20,700 ",34.3%,"21,092 ",37.7%,"48,883 ",,"5,504 ",39.8%,"1,008 ",-3.1%,680 ,30.8%,,,,,,,,,,,,,,,,,,,,,,,,,,,,,,,,,,,
,8월,"2,064,241",12.5%,"21,090 ",25.4%,"21,528 ",153.9%,"46,909 ",,"4,368 ",32.5%,"1,051 ",-4.5%,632 ,93.3%,,,,,,,,,,,,,,,,,,,,,,,,,,,,,,,,,,,
,9월,"1,904,524",26.0%,"22,020 ",44.0%,"19,840 ",57.1%,"44,185 ",,"5,328 ",66.5%,"1,168 ",52.9%,609 ,13.2%,,,,,,,,,,,,,,,,,,,,,,,,,,,,,,,,,,,
,10월,"1,865,552",7.5%,"21,850 ",18.3%,"20,332 ",41.5%,"48,119 ",,"5,840 ",10.9%,"1,022 ",-2.8%,761 ,19.5%,,,,,,,,,,,,,,,,,,,,,,,,,,,,,,,,,,,
,11월,"1,825,701",12.3%,"26,220 ",17.2%,"24,764 ",47.0%,"48,690 ",,"8,752 ",27.2%,"1,086 ",-6.7%,794 ,1.7%,,,,,,,,,,,,,,,,,,,,,,,,,,,,,,,,,,,
,12월,"2,007,035",12.6%,"30,230 ",1.7%,"31,124 ",75.6%,"55,193 ",,"9,120 ",0.9%,"1,193 ",1.6%,800 ,24.4%,,,,,,,,,,,,,,,,,,,,,,,,,,,,,,,,,,,
2017년,1월,"2,343,048",10.9%,"32,420 ",15.3%,"30,831 ",80.0%,"56,340 ",15.3%,"12,592 ",-1.3%,"1,405 ",1.1%,749 ,15.2%,,,,,,,,,,,,,,,,,,,,,,,,,,,,,,,,,,,
,2월,"2,231,269",18.9%,"29,750 ",5.6%,"30,313 ",122.3%,"51,184 ",23.1%,"8,768 ",-0.4%,"1,117 ",8.0%,633 ,25.8%,,,,,,,,,,,,,,,,,,,,,,,,,,,,,,,,,,,
,3월,"1,940,542",23.7%,"23,710 ",-2.9%,"28,712 ",125.3%,"51,391 ",49.2%,"7,584 ",3.5%,765 ,-1.7%,732 ,45.5%,,,,,,,,,,,,,,,,,,,,,,,,,,,,,,,,,,,
,4월,"2,003,943",27.7%,"22,940 ",11.5%,"27,463 ",102.5%,"53,520 ",38.4%,"6,512 ",9.4%,"1,099 ",5.3%,634 ,6.4%,,,,,,,,,,,,,,,,,,,,,,,,,,,,,,,,,,,
,5월,"2,003,834",21.0%,"20,010 ",5.7%,"24,987 ",80.4%,"51,576 ",19.0%,"5,008 ",3.0%,891 ,3.4%,640 ,-11.1%,,,,,,,,,,,,,,,,,,,,,,,,,,,,,,,,,,,
,6월,"2,098,126",18.0%,"17,780 ",-0.1%,"27,975 ",50.8%,"55,033 ",19.4%,"3,968 ",5.1%,"1,092 ",44.4%,733 ,13.5%,,,,,,,,,,,,,,,,,,,,,,,,,,,,,,,,,,,
,7월,"2,389,447",14.5%,"20,090 ",-2.9%,"29,941 ",42.0%,"61,097 ",25.0%,"6,000 ",9.0%,"1,382 ",37.1%,703 ,3.4%,,,,,,,,,,,,,,,,,,,,,,,,,,,,,,,,,,,
,8월,"2,385,301",15.6%,"21,190 ",0.5%,"30,963 ",43.8%,"58,411 ",24.5%,"4,688 ",7.3%,"1,137 ",8.2%,672 ,6.3%,,,,,,,,,,,,,,,,,,,,,,,,,,,,,,,,,,,
,9월,"2,236,500",8.3%,"26,370 ",19.8%,"25,691 ",29.5%,"58,880 ",33.3%,"6,688 ",53.1%,"1,230 ",5.3%,803 ,31.9%,,,,,,,,,,,,,,,,,,,,,,,,,,,,,,,,,,,
,10월,"2,231,748",19.6%,"27,940 ",27.9%,"24,411 ",20.1%,"56,292 ",17.0%,"8,928 ",52.9%,731 ,-28.5%,968 ,27.2%,,,,,,,,,,,,,,,,,,,,,,,,,,,,,,,,,,,
,11월,"2,227,747",22.0%,"27,310 ",4.2%,"24,388 ",-1.5%,"61,093 ",25.5%,"9,312 ",6.4%,435 ,-59.9%,771 ,-2.9%,,,,,,,,,,,,,,,,,,,,,,,,,,,,,,,,,,,
,12월,"2,404,942",19.8%,"32,700 ",8.2%,"29,092 ",-6.5%,"70,411 ",27.6%,"11,120 ",21.9%,561 ,-53.0%,833 ,4.1%,,,,,,,,,,,,,,,,,,,,,,,,,,,,,,,,,,,
2018년,1월,"2,866,780",22.4%,"34,530 ",6.5%,"28,750 ",-6.7%,"69,249 ",22.9%,"14,016 ",11.3%,"1,806 ",28.5%,792 ,5.7%,,,,,,,,,,,,,,,,,,,,,,,,,,,,,,,,,,,
,2월,"2,311,009",3.6%,"26,640 ",-10.5%,"22,365 ",-26.2%,"60,939 ",19.1%,"8,560 ",-2.4%,999 ,-10.6%,553 ,-12.6%,,,,,,,,,,,,,,,,,,,,,,,,,,,,,,,,,,,
,3월,"2,252,565",16.1%,"26,270 ",10.8%,"25,081 ",-12.6%,"53,132 ",3.4%,"9,136 ",20.5%,"1,110 ",45.1%,720 ,-1.6%,,,,,,,,,,,,,,,,,,,,,,,,,,,,,,,,,,,
,4월,"2,230,200",11.3%,"21,610 ",-5.8%,"21,928 ",-20.2%,"60,265 ",12.6%,"6,432 ",-1.2%,"1,123 ",2.2%,760 ,19.9%,,,,,,,,,,,,,,,,,,,,,,,,,,,,,,,,,,,
,5월,"2,331,565",16.4%,"20,010 ",0.0%,"22,076 ",-11.7%,"60,516 ",17.3%,"5,024 ",0.3%,"1,099 ",23.3%,598 ,-6.6%,,,,,,,,,,,,,,,,,,,,,,,,,,,,,,,,,,,
,6월,"2,323,986",10.8%,"19,750 ",11.1%,"24,026 ",-14.1%,"67,996 ",23.6%,"3,840 ",-3.2%,"1,048 ",-4.0%,683 ,-6.8%,,,,,,,,,,,,,,,,,,,,,,,,,,,,,,,,,,,
,7월,"2,495,297",4.4%,"21,960 ",9.3%,"23,454 ",-21.7%,"70,622 ",15.6%,"5,456 ",-9.1%,"1,223 ",-11.5%,712 ,1.3%,,,,,,,,,,,,,,,,,,,,,,,,,,,,,,,,,,,
,8월,"2,519,860",5.6%,"23,840 ",12.5%,"27,350 ",-11.7%,"64,432 ",10.3%,"4,640 ",-1.0%,"1,526 ",34.2%,685 ,1.9%,,,,,,,,,,,,,,,,,,,,,,,,,,,,,,,,,,,
,9월,"2,225,756",-0.5%,"21,410 ",-18.8%,"22,339 ",-13.0%,"57,768 ",-1.9%,"5,360 ",-19.9%,"1,172 ",-4.7%,585 ,-27.1%,,,,,,,,,,,,,,,,,,,,,,,,,,,,,,,,,,,
,10월,"2,347,876",5.2%,"19,300 ",-30.9%,"15,552 ",-36.3%,"60,983 ",8.3%,"6,720 ",-24.7%,"1,044 ",42.8%,772 ,-20.2%,,,,,,,,,,,,,,,,,,,,,,,,,,,,,,,,,,,
,11월,"2,295,810",3.1%,"24,070 ",-11.9%,531 ,-97.8%,"56,957 ",-6.8%,"8,839 ",-5.1%,"1,055 ",142.5%,699 ,-9.3%,,,,,,,,,,,,,,,,,,,,,,,,,,,,,,,,,,,
,12월,"2,495,279",3.8%,"28,600 ",-12.5%,"7,125 ",-75.5%,"64,127 ",-8.9%,"9,830 ",-11.6%,"1,102 ",96.4%,617 ,-25.9%,,,,,,,,,,,,,,,,,,,,,,,,,,,,,,,,,,,
2019년,1월,"2,912,331",1.6%,"29,770 ",-13.8%,"14,551 ",-49.4%,"69,295 ",0.1%,"13,700 ",-2.3%,"1,169 ",-35.3%,766 ,-3.3%,,,,,,,,,,,,,,,,,,,,,,,,,,,,,,,,,,,
,2월,"2,617,946",13.3%,"30,930 ",16.1%,"15,287 ",-31.6%,"59,423 ",-2.5%,"10,385 ",21.3%,"1,035 ",3.6%,677 ,22.4%,,,,,,,,,,,,,,,,,,,,,,,,,,,,,,,,,,,
,3월,"2,334,153",3.6%,"26,130 ",-0.5%,"13,370 ",-46.7%,"54,087 ",1.8%,"8,737 ",-4.4%,"1,090 ",-1.8%,586 ,-18.6%,,,,,,,,,,,,,,,,,,,,,,,,,,,,,,,,,,,
,4월,"2,246,417",0.7%,"16,700 ",-22.7%,"17,182 ",-21.6%,"54,161 ",-10.1%,"5,380 ",-16.4%,808 ,-28.0%,648 ,-14.7%,,,,,,,,,,,,,,,,,,,,,,,,,,,,,,,,,,,
,5월,"2,401,204",3.0%,"18,830 ",-5.9%,"17,750 ",-19.6%,"58,247 ",-3.7%,"4,344 ",-13.5%,"1,095 ",-0.4%,813 ,36.0%,,,,,,,,,,,,,,,,,,,,,,,,,,,,,,,,,,,
,6월,"2,495,798",7.4%,"19,160 ",-3.0%,"21,270 ",-11.5%,"62,364 ",-8.3%,"3,927 ",2.3%,655 ,-37.5%,547 ,-19.9%,,,,,,,,,,,,,,,,,,,,,,,,,,,,,,,,,,,
,7월,"2,642,585",5.9%,"20,930 ",-4.7%,"23,648 ",0.8%,"67,866 ",-3.9%,"5,294 ",-3.0%,773 ,-36.8%,602 ,-15.4%,,,,,,,,,,,,,,,,,,,,,,,,,,,,,,,,,,,
,8월,"2,427,634",-3.7%,"20,960 ",-12.1%,,,"65,333 ",1.4%,"4,460 ",-3.9%,"1,058 ",-30.7%,627 ,-8.5%,,,,,,,,,,,,,,,,,,,,,,,,,,,,,,,,,,,
,9월,"2,049,830",-7.9%,"19,980 ",-6.7%,,,"61,412 ",6.3%,"4,992 ",-6.9%,657 ,-43.9%,741 ,26.7%,,,,,,,,,,,,,,,,,,,,,,,,,,,,,,,,,,,
,10월,"2,153,847",-8.3%,"19,820 ",2.7%,,,"67,124 ",10.1%,"5,944 ",-11.5%,698 ,-33.1%,255 ,-67.0%,,,,,,,,,,,,,,,,,,,,,,,,,,,,,,,,,,,
,11월,"2,090,192",-9.0%,"26,010 ",8.1%,,,"62,163 ",9.1%,"9,336 ",5.6%,"1,307 ",23.9%,269 ,-61.5%,,,,,,,,,,,,,,,,,,,,,,,,,,,,,,,,,,,
,12월,"2,342,310",-6.1%,"31,260 ",9.3%,,,"71,343 ",11.3%,"11,932 ",21.4%,"1,515 ",37.5%,275 ,-55.4%,,,,,,,,,,,,,,,,,,,,,,,,,,,,,,,,,,,
2020년,1월,"2,513,030",-13.7%,"29,440 ",-1.1%,,,"78,609 ",13.4%,"14,159 ",3.4%,"1,324 ",13.3%,316 ,-58.7%,,,,,,,,,,,,,,,,,,,,,,,,,,,,,,,,,,,
,2월,"1,046,779",-60.0%,"21,060 ",-31.9%,,,"40,022 ",-32.6%,"10,991 ",5.8%,880 ,-15.0%,161 ,-76.2%,,,,,,,,,,,,,,,,,,,,,,,,,,,,,,,,,,,
,3월,"143,366",-93.9%,"2,720 ",-89.6%,,,"5,160 ",-90.5%,851 ,-90.3%,487 ,-55.3%,28 ,-95.2%,,,,,,,,,,,,,,,,,,,,,,,,,,,,,,,,,,,
,4월,"31,425",-98.6%,10 ,-99.9%,,,6 ,-100.0%,5 ,-99.9%,0 ,-100.0%,6 ,-99.1%,,,,,,,,,,,,,,,,,,,,,,,,,,,,,,,,,,,
,5월,"37,802",-98.4%,30 ,-99.8%,,,4 ,-100.0%,16 ,-99.6%,0 ,-100.0%,6 ,-99.3%,,,,,,,,,,,,,,,,,,,,,,,,,,,,,,,,,,,
,6월,"48,353",-98.1%,20 ,-99.9%,,,5 ,-100.0%,67 ,-98.3%,0 ,-100.0%,1 ,-99.8%,,,,,,,,,,,,,,,,,,,,,,,,,,,,,,,,,,,
,7월,"65,936",-97.5%,20 ,-99.9%,,,77 ,-99.9%,35 ,-99.3%,0 ,-100.0%,4 ,-99.3%,,,,,,,,,,,,,,,,,,,,,,,,,,,,,,,,,,,
,8월,"88,888",-96.3%,40 ,-99.8%,,,95 ,-99.9%,62 ,-98.6%,0 ,-100.0%,4 ,-99.4%,,,,,,,,,,,,,,,,,,,,,,,,,,,,,,,,,,,
,9월,"76,798",-96.3%,30 ,-99.8%,,,46 ,-99.9%,83 ,-98.3%,0 ,-100.0%,6 ,-99.2%,,,,,,,,,,,,,,,,,,,,,,,,,,,,,,,,,,,
,10월,"71,970",-96.7%,40 ,-99.8%,3 ,,37 ,-99.9%,58 ,-99.0%,0 ,-100.0%,12 ,-95.3%,,,,,,,,,,,,,,,,,,,,,,,,,,,,,,,,,,,
,11월,"70,686",-96.6%,50 ,-99.8%,5 ,,39 ,-99.9%,25 ,-99.7%,0 ,-100.0%,0 ,-100.0%,,,,,,,,,,,,,,,,,,,,,,,,,,,,,,,,,,,
,12월,"80,973",-96.5%,60 ,-99.8%,0 ,,81 ,-99.9%,31 ,-99.7%,0 ,-100.0%,4 ,-98.5%,,,,,,,,,,,,,,,,,,,,,,,,,,,,,,,,,,,
2021년,1월,"86,143",-96.6%,60 ,-99.8%,9 ,,104 ,-99.9%,32 ,-99.8%,0 ,,11 ,-96.5%,,,,,,,,,,,,,,,,,,,,,,,,,,,,,,,,,,,
,2월,"68,213",-93.5%,70 ,-99.7%,2 ,,77 ,-99.8%,29 ,-99.7%,0 ,,10 ,-93.8%,,,,,,,,,,,,,,,,,,,,,,,,,,,,,,,,,,,
,3월,"73,999",-48.4%,70 ,-97.4%,1 ,,113 ,-97.8%,32 ,-96.2%,0 ,,1 ,-96.4%,,,,,,,,,,,,,,,,,,,,,,,,,,,,,,,,,,,
,4월,"71,302",126.9%,70 ,600.0%,0 ,,86 ,1333.3%,27 ,440.0%,0 ,,2 ,-66.7%,,,,,,,,,,,,,,,,,,,,,,,,,,,,,,,,,,,
,5월,"75,416",99.5%,80 ,166.7%,2 ,,102 ,2450.0%,22 ,37.5%,0 ,,0 ,,,,,,,,,,,,,,,,,,,,,,,,,,,,,,,,,,,,
,6월,"79,446",64.3%,90 ,350.0%,2 ,,173 ,3360.0%,68 ,1.5%,0 ,,0 ,,,,,,,,,,,,,,,,,,,,,,,,,,,,,,,,,,,,
,7월,"101,963",54.6%,70 ,250.0%,66 ,,303 ,293.5%,52 ,48.6%,0 ,,1 ,-75.0%,,,,,,,,,,,,,,,,,,,,,,,,,,,,,,,,,,,
,8월,"137,712",54.9%,30 ,-25.0%,94 ,,375 ,294.7%,15 ,-75.8%,6 ,,2 ,-50.0%,,,,,,,,,,,,,,,,,,,,,,,,,,,,,,,,,,,
,9월,"116,615",51.8%,10 ,-66.7%,801 ,,573 ,1145.7%,33 ,-60.2%,6 ,,3 ,-50.0%,,,,,,,,,,,,,,,,,,,,,,,,,,,,,,,,,,,
,10월,"124,399",72.8%,40 ,0.0%,"2,023 ",67333.3%,998 ,2597.3%,75 ,29.3%,0 ,,4 ,-66.7%,,,,,,,,,,,,,,,,,,,,,,,,,,,,,,,,,,,
,11월,"147,907",109.2%,210 ,320.0%,"2,127 ",42440.0%,"3,639 ",9230.8%,27 ,8.0%,5 ,,2 ,,,,,,,,,,,,,,,,,,,,,,,,,,,,,,,,,,,,
,12월,"139,426",72.2%,"1,260 ",2000.0%,"1,656 ",,"1,459 ",1701.2%,64 ,106.5%,7 ,,15 ,275.0%,,,,,,,,,,,,,,,,,,,,,,,,,,,,,,,,,,,
2022년,1월,"147,434",71.2%,"1,450 ",2316.7%,"1,406 ",15522.2%,924 ,788.5%,19 ,-40.6%,0 ,,12 ,9.1%,,,,,,,,,,,,,,,,,,,,,,,,,,,,,,,,,,,
,2월,"112,722",65.3%,"1,750 ",2400.0%,"2,821 ",140950.0%,311 ,303.9%,28 ,-3.4%,11 ,,21 ,110.0%,,,,,,,,,,,,,,,,,,,,,,,,,,,,,,,,,,,
,3월,"145,503",96.6%,"2,530 ",3514.3%,"2,832 ",283100.0%,760 ,572.6%,55 ,71.9%,2 ,,15 ,1400.0%,,,,,,,,,,,,,,,,,,,,,,,,,,,,,,,,,,,
,4월,"215,246",201.9%,"3,620 ",5071.4%,"4,251 ",,"3,239 ",3666.3%,107 ,296.3%,15 ,,70 ,3400.0%,,,,,,,,,,,,,,,,,,,,,,,,,,,,,,,,,,,
,5월,"315,945",318.9%,"3,880 ",4750.0%,"5,303 ",265050.0%,"9,947 ",9652.0%,698 ,3072.7%,16 ,,79 ,,,,,,,,,,,,,,,,,,,,,,,,,,,,,,,,,,,,
,6월,"412,798",419.6%,"4,460 ",4855.6%,"7,335 ",366650.0%,"16,298 ",9320.8%,675 ,892.6%,15 ,,47 ,,,,,,,,,,,,,,,,,,,,,,,,,,,,,,,,,,,,
,7월,"674,022",561.0%,"7,080 ",10014.3%,"8,444 ",12693.9%,"28,063 ",9161.7%,"1,654 ",3080.8%,8 ,,112 ,11100.0%,,,,,,,,,,,,,,,,,,,,,,,,,,,,,,,,,,,
,8월,"702,153",409.9%,"6,970 ",23133.3%,"8,111 ",8528.7%,"24,751 ",6500.3%,954 ,6260.0%,17 ,183.3%,91 ,4450.0%,,,,,,,,,,,,,,,,,,,,,,,,,,,,,,,,,,,
,9월,"619,954",431.6%,"6,550 ",65400.0%,"6,502 ",711.7%,"18,065 ",3052.7%,"1,156 ",3403.0%,40 ,566.7%,49 ,1533.3%,,,,,,,,,,,,,,,,,,,,,,,,,,,,,,,,,,,
,10월,"773,480",521.8%,"6,330 ",15725.0%,"9,016 ",345.7%,"29,045 ",2810.3%,"1,520 ",1926.7%,27 ,,52 ,1200.0%,,,,,,,,,,,,,,,,,,,,,,,,,,,,,,,,,,,
,11월,"1,041,431",604.1%,"11,700 ",5471.4%,"8,724 ",310.2%,"25,754 ",607.7%,"2,834 ",10396.3%,56 ,1020.0%,95 ,4650.0%,,,,,,,,,,,,,,,,,,,,,,,,,,,,,,,,,,,
,12월,"1,393,343",899.3%,"16,190 ",1184.9%,"9,868 ",495.9%,"36,246 ",2384.3%,"4,501 ",6932.8%,20 ,185.7%,66 ,340.0%,,,,,,,,,,,,,,,,,,,,,,,,,,,,,,,,,,,
2023년,1월,"1,782,313",1108.9%,"18,300 ",1162.1%,"10,097 ",618.1%,"39,633 ",4189.3%,"4,874 ",25552.6%,36 ,,84 ,600.0%,,,,,,,,,,,,,,,,,,,,,,,,,,,,,,,,,,,
,2월,"1,724,880",1430.2%,"24,950 ",1325.7%,"12,025 ",326.3%,"37,476 ",11950.2%,"5,264 ",18700.0%,37 ,236.4%,107 ,409.5%,,,,,,,,,,,,,,,,,,,,,,,,,,,,,,,,,,,
,3월,"1,472,193",911.8%,"19,050 ",653.0%,"9,356 ",230.4%,"36,423 ",4692.5%,"4,552 ",8176.4%,64 ,3100.0%,80 ,433.3%,,,,,,,,,,,,,,,,,,,,,,,,,,,,,,,,,,,
,4월,"1,497,105",595.5%,"15,700 ",333.7%,"11,189 ",163.2%,"35,397 ",992.8%,"4,133 ",3762.6%,41 ,173.3%,135 ,92.9%,,,,,,,,,,,,,,,,,,,,,,,,,,,,,,,,,,,
,5월,"1,683,022",432.7%,"18,690 ",381.7%,"13,911 ",162.3%,"29,005 ",191.6%,"3,620 ",418.6%,52 ,225.0%,141 ,78.5%,,,,,,,,,,,,,,,,,,,,,,,,,,,,,,,,,,,
,6월,"1,771,962",329.3%,"18,210 ",308.3%,"17,739 ",141.8%,"2,871 ",-82.4%,"2,660 ",294.1%,34 ,126.7%,226 ,380.9%,,,,,,,,,,,,,,,,,,,,,,,,,,,,,,,,,,,
,7월,"2,153,857",219.6%,"22,950 ",224.2%,"20,627 ",144.3%,"26,984 ",-3.8%,"3,782 ",128.7%,145 ,1712.5%,209 ,86.6%,,,,,,,,,,,,,,,,,,,,,,,,,,,,,,,,,,,
,8월,"2,093,236",198.1%,"30,000 ",330.4%,"20,319 ",150.5%,"31,774 ",28.4%,"3,153 ",230.5%,165 ,870.6%,172 ,89.0%,,,,,,,,,,,,,,,,,,,,,,,,,,,,,,,,,,,
,9월,"2,017,157",225.4%,"27,700 ",322.9%,"16,444 ",152.9%,"29,191 ",61.6%,"4,492 ",288.6%,189 ,372.5%,156 ,218.4%,,,,,,,,,,,,,,,,,,,,,,,,,,,,,,,,,,,
,10월,"2,042,703",164.1%,"25,100 ",296.5%,"16,374 ",81.6%,"30,802 ",6.0%,"5,136 ",237.9%,23 ,-14.8%,113 ,117.3%,,,,,,,,,,,,,,,,,,,,,,,,,,,,,,,,,,,
,11월,"2,061,646",98.0%,"31,250 ",167.1%,"13,026 ",49.3%,"31,347 ",21.7%,"7,721 ",172.4%,43 ,-23.2%,178 ,87.4%,,,,,,,,,,,,,,,,,,,,,,,,,,,,,,,,,,,
,12월,"2,415,767",73.4%,"36,110 ",123.0%,"16,369 ",65.9%,"40,965 ",13.0%,"8,850 ",96.6%,111 ,455.0%,173 ,162.1%,,,,,,,,,,,,,,,,,,,,,,,,,,,,,,,,,,,
2024년,1월,"2,770,866",55.5%,"33,210 ",81.5%,"16,770 ",66.1%,"46,740 ",17.9%,"9,376 ",92.4%,87 ,141.7%,216 ,157.1%,,,,,,,,,,,,,,,,,,,,,,,,,,,,,,,,,,,
,2월,"2,512,109",45.6%,"42,020 ",68.4%,"16,415 ",36.5%,"41,853 ",11.7%,"9,548 ",81.4%,71 ,91.9%,149 ,39.3%,,,,,,,,,,,,,,,,,,,,,,,,,,,,,,,,,,,
,3월,"2,141,992",45.5%,"29,970 ",57.3%,"14,403 ",53.9%,"32,676 ",-10.3%,"7,774 ",70.8%,45 ,-29.7%,116 ,45.0%,,,,,,,,,,,,,,,,,,,,,,,,,,,,,,,,,,,
,4월,"2,110,954",41.0%,"22,820 ",45.4%,"14,433 ",29.0%,"28,982 ",-18.1%,"3,746 ",-9.4%,83 ,102.4%,129 ,-4.4%,,,,,,,,,,,,,,,,,,,,,,,,,,,,,,,,,,,
,5월,"2,268,310",34.8%,"26,980 ",44.4%,"13,378 ",-3.8%,"28,338 ",-2.3%,"3,350 ",-7.5%,23 ,-55.8%,136 ,-3.5%,,,,,,,,,,,,,,,,,,,,,,,,,,,,,,,,,,,
,6월,"2,219,151",25.2%,"25,050 ",37.6%,"13,900 ",-21.6%,"23,235 ",709.3%,"2,845 ",7.0%,41 ,20.6%,109 ,-51.8%,,,,,,,,,,,,,,,,,,,,,,,,,,,,,,,,,,,
,7월,"2,501,969",16.2%,"31,090 ",35.5%,"15,978 ",-22.5%,"29,845 ",10.6%,"4,100 ",8.4%,34 ,-76.6%,258 ,23.4%,,,,,,,,,,,,,,,,,,,,,,,,,,,,,,,,,,,
,8월,"2,359,550",12.7%,"36,140 ",20.5%,"16,031 ",-21.1%,"28,731 ",-9.6%,"3,456 ",9.6%,41 ,-75.2%,450 ,161.6%,,,,,,,,,,,,,,,,,,,,,,,,,,,,,,,,,,,
,9월,"2,311,792",14.6%,"29,910 ",8.0%,"10,866 ",-33.9%,"26,161 ",-10.4%,"3,795 ",-15.5%,99 ,-47.6%,128 ,-17.9%,,,,,,,,,,,,,,,,,,,,,,,,,,,,,,,,,,,
,10월,"2,382,464",16.6%,"27,510 ",9.6%,"11,533 ",-29.6%,"27,897 ",-9.4%,"4,565 ",-11.1%,32 ,39.1%,112 ,-0.9%,,,,,,,,,,,,,,,,,,,,,,,,,,,,,,,,,,,
,11월,"2,391,140",16.0%,"31,190 ",-0.2%,"8,868 ",-31.9%,"25,600 ",-18.3%,"8,882 ",15.0%,56 ,30.2%,162 ,-9.0%,,,,,,,,,,,,,,,,,,,,,,,,,,,,,,,,,,,
,12월,"2,716,138",12.4%,"38,130 ",5.6%,"14,186 ",-13.3%,"31,300 ",-23.6%,"8,599 ",-2.8%,135 ,21.6%,123 ,-28.9%,,,,,,,,,,,,,,,,,,,,,,,,,,,,,,,,,,,
2025년,1월,"2,972,916",7.3%,"41,210 ",24.1%,"11,929 ",-28.9%,"33,999 ",-27.3%,"11,026 ",17.6%,135 ,55.2%,118 ,-45.4%,,,,,,,,,,,,,,,,,,,,,,,,,,,,,,,,,,,
,2월,"2,625,634",4.5%,"41,680 ",-0.8%,"11,126 ",-32.2%,"29,891 ",-28.6%,"9,904 ",3.7%,89 ,25.4%,90 ,-39.6%,,,,,,,,,,,,,,,,,,,,,,,,,,,,,,,,,,,
,3월,"2,197,971",2.6%,"29,160 ",-2.7%,"8,936 ",-38.0%,"22,228 ",-32.0%,"7,283 ",-6.3%,93 ,106.7%,120 ,3.4%,,,,,,,,,,,,,,,,,,,,,,,,,,,,,,,,,,,
,4월,"2,149,577",1.8%,"19,540 ",-14.4%,"7,564 ",-47.6%,"21,777 ",-24.9%,"3,320 ",-11.4%,58 ,-30.1%,109 ,-15.5%,,,,,,,,,,,,,,,,,,,,,,,,,,,,,,,,,,,
,5월,"2,391,130",5.4%,"24,140 ",-10.5%,"9,181 ",-31.4%,"23,381 ",-17.5%,"3,238 ",-3.3%,74 ,221.7%,177 ,30.1%,,,,,,,,,,,,,,,,,,,,,,,,,,,,,,,,,,,
,6월,"2,226,396",0.3%,"23,300 ",-7.0%,"4,793 ",-65.5%,"27,148 ",16.8%,"2,459 ",-13.6%,64 ,56.1%,153 ,40.4%,,,,,,,,,,,,,,,,,,,,,,,,,,,,,,,,,,,
,7월,"2,435,291",-2.7%,"29,720 ",-4.4%,"11,015 ",-31.1%,"35,120 ",17.7%,"4,151 ",1.2%,39 ,14.7%,143 ,-44.6%,,,,,,,,,,,,,,,,,,,,,,,,,,,,,,,,,,,
,8월,"2,422,218",2.7%,"37,000 ",2.4%,"8,364 ",-47.8%,"38,476 ",33.9%,"3,533 ",2.2%,44 ,7.3%,207 ,-54.0%,,,,,,,,,,,,,,,,,,,,,,,,,,,,,,,,,,,
,9월,"2,235,874",-3.3%,,,"4,065 ",-62.6%,,,,,44 ,-55.6%,120 ,-6.3%,,,,,,,,,,,,,,,,,,,,,,,,,,,,,,,,,,,
,10월,,,,,,,,,,,,,,,,,,,,,,,,,,,,,,,,,,,,,,,,,,,,,,,,,
,11월,,,,,,,,,,,,,,,,,,,,,,,,,,,,,,,,,,,,,,,,,,,,,,,,,
,12월,,,,,,,,,,,,,,,,,,,,,,,,,,,,,,,,,,,,,,,,,,,,,,,,,
2000년,누계,"5,508,242 ",26.9%,,,,,,,,,,,,,,,,,,,,,,,,,,,,,,,,,,,,,,,,,,,,,,,
2001년,누계,"6,084,476 ",10.5%,,,,,,,,,,,,,,,,,,,,,,,,,,,,,,,,,,,,,,,,,,,,,,,
2002년,누계,"7,123,407 ",17.1%,,,,,,,,,,,,,,,,,,,,,,,,,,,,,,,,,,,,,,,,,,,,,,,
2003년,누계,"7,086,133 ",-0.5%,,,,,,,,,,,,,,,,,,,,,,,,,,,,,,,,,,,,,,,,,,,,,,,
2004년,누계,"8,825,585 ",24.5%,"213,580 ",,"68,192 ",,,,"113,908 ",,"5,673 ",,,,,,,,,,,,,,,,,,,,,,,,,,,,,,,,,,,,,,
2005년,누계,"10,080,143 ",14.2%,"254,630 ",19.2%,"69,952 ",2.6%,,,"112,005 ",-1.7%,"2,169 ",-61.8%,,,,,,,,,,,,,,,,,,,,,,,,,,,,,,,,,,,,,
2006년,누계,"11,609,879 ",15.2%,"266,490 ",4.7%,"82,891 ",18.5%,,,"111,361 ",-0.6%,"11,756 ",442.0%,,,,,,,,,,,,,,,,,,,,,,,,,,,,,,,,,,,,,
2007년,누계,"13,324,977 ",14.8%,"259,380 ",-2.7%,"108,319 ",30.7%,,,"99,453 ",-10.7%,"14,455 ",23.0%,,,,,,,,,,,,,,,,,,,,,,,,,,,,,,,,,,,,,
2008년,누계,"11,996,094 ",-10.0%,"222,820 ",-14.1%,"111,116 ",2.6%,,,"79,061 ",-20.5%,"14,491 ",0.2%,,,,,,,,,,,,,,,,,,,,,,,,,,,,,,,,,,,,,
2009년,누계,"9,494,111 ",-20.9%,"185,710 ",-16.7%,"89,132 ",-19.8%,,,"52,921 ",-33.1%,"13,168 ",-9.1%,,,,,,,,,,,,,,,,,,,,,,,,,,,,,,,,,,,,,
2010년,누계,"12,488,364 ",31.5%,"218,610 ",17.7%,"115,773 ",29.9%,,,"67,309 ",27.2%,"15,225 ",15.6%,,,,,,,,,,,,,,,,,,,,,,,,,,,,,,,,,,,,,
2011년,누계,"12,693,733 ",1.6%,"204,480 ",-6.5%,"107,503 ",-7.1%,,,"52,787 ",-21.6%,"15,964 ",4.9%,"5,101 ",,,,,,,,,,,,,,,,,,,,,,,,,,,,,,,,,,,,
2012년,누계,"13,736,976 ",8.2%,"205,270 ",0.4%,"129,394 ",20.4%,,,"52,896 ",0.2%,"19,611 ",22.8%,"4,404 ",-13.7%,,,,,,,,,,,,,,,,,,,,,,,,,,,,,,,,,,,
2013년,누계,"14,846,485 ",8.1%,"198,870 ",-3.1%,"139,958 ",8.2%,0 ,,"50,992 ",-3.6%,"17,448 ",-11.0%,"4,225 ",-4.1%,,,,,,,,,,,,,,,,,,,,,,,,,,,,,,,,,,,
2014년,누계,"16,080,684 ",8.3%,"202,820 ",2.0%,"142,081 ",1.5%,0 ,,"55,488 ",8.8%,"14,624 ",-16.2%,"5,676 ",34.3%,,,,,,,,,,,,,,,,,,,,,,,,,,,,,,,,,,,
2015년,누계,"19,310,430 ",20.1%,"226,780 ",11.8%,"182,622 ",28.5%,"427,900 ",,"64,992 ",17.1%,"12,309 ",-15.8%,"6,700 ",18.0%,,,,,,,,,,,,,,,,,,,,,,,,,,,,,,,,,,,
2016년,누계,"22,383,190 ",15.9%,"280,100 ",23.5%,"228,156 ",24.9%,"544,957 ",27.4%,"82,384 ",26.8%,"12,392 ",0.7%,"8,071 ",20.5%,,,,,,,,,,,,,,,,,,,,,,,,,,,,,,,,,,,
2017년,누계,"26,496,447 ",18.4%,"302,210 ",7.9%,"334,767 ",46.7%,"685,228 ",25.7%,"91,168 ",10.7%,"11,845 ",-2.0%,"8,871 ",9.9%,,,,,,,,,,,,,,,,,,,,,,,,,,,,,,,,,,,
2018년,누계,"28,695,983 ",8.3%,"287,990 ",-4.7%,"240,577 ",-28.1%,"746,986 ",9.0%,"87,853 ",-3.6%,"14,307 ",20.8%,"8,176 ",-7.8%,,,,,,,,,,,,,,,,,,,,,,,,,,,,,,,,,,,
2019년,누계,"28,714,247 ",0.1%,"280,480 ",-2.6%,"123,058 ",-48.8%,"752,896 ",0.8%,"88,431 ",0.7%,"11,860 ",-17.1%,"6,806 ",-16.8%,,,,,,,,,,,,,,,,,,,,,,,,,,,,,,,,,,,
2020년,누계,"4,276,006 ",-85.1%,"53,520 ",-80.9%,8 ,-100.0%,"124,181 ",-83.5%,"26,383 ",-70.2%,"2,691 ",-77.3%,548 ,-91.9%,,,,,,,,,,,,,,,,,,,,,,,,,,,,,,,,,,,
2021년,누계,"1,222,541 ",-71.4%,"2,060 ",-96.2%,"6,783 ",84687.5%,"8,002 ",-93.6%,476 ,-98.2%,24 ,-99.1%,51 ,-90.7%,,,,,,,,,,,,,,,,,,,,,,,,,,,,,,,,,,,
2022년,누계,"6,554,031 ",436.1%,"72,510 ",3419.9%,"74,613 ",1000.0%,"193,403 ",2316.9%,"14,201 ",2883.4%,227 ,845.8%,709 ,1290.2%,,,,,,,,,,,,,,,,,,,,,,,,,,,,,,,,,,,
2023년,누계,"22,715,841 ",246.6%,"288,010 ",297.2%,"177,476 ",137.9%,"371,868 ",92.3%,"58,237 ",310.1%,940 ,314.1%,"1,774 ",150.2%,,,,,,,,,,,,,,,,,,,,,,,,,,,,,,,,,,,
2024년,누계,"28,686,435 ",26.3%,"374,020 ",29.9%,"166,761 ",-6.0%,"374,619 ",0.7%,"70,036 ",20.3%,747 ,-20.5%,"2,088 ",17.7%,,,,,,,,,,,,,,,,,,,,,,,,,,,,,,,,,,,
2025년,누계,"21,657,007 ",2.2%,"245,750 ",-0.6%,"76,973 ",-41.8%,"232,020 ",-10.9%,"44,914 ",1.6%,640 ,22.1%,"1,237 ",-26.8%,,,,,,,,,,,,,,,,,,,,,,,,,,,,,,,,,,,
